FLAGS: --be=4 --bg=4 --capacity=32 --bd1c=256 --bd2c=128 --bcT=256

+ git rev-parse --short HEAD
923865581c
+ exit=0

+ python -c import jax, jaxlib; print('jax', jax.__version__, 'jaxlib', jaxlib.__version__)
jax 0.11.1 jaxlib 0.11.1
+ exit=0

+ env JAX_PLATFORMS=cpu XLA_FLAGS=--xla_force_host_platform_device_count=8 python -m pytest tests/kernels/fused_moe_v2_decode_test.py -q
.........FFFF......FF.                                                   [100%]
=================================== FAILURES ===================================
_ test_decode_kernel_tp_fused_lowers_for_tpu_on_cpu[64-256-16-128-4-whole_d_dots-1] _

t = 64, d = 256, e = 16, i = 128, k = 4, bd1c = None, bd2c = None, bg = 1

    @pytest.mark.parametrize("bg", [1, 2])
    @pytest.mark.parametrize("bd1c,bd2c", [(None, None), (128, 128)],
                             ids=["whole_d_dots", "chunked_dots"])
    @pytest.mark.parametrize("t,d,e,i,k", [(64, 256, 16, 128, 4)])
    def test_decode_kernel_tp_fused_lowers_for_tpu_on_cpu(t, d, e, i, k,
                                                          bd1c, bd2c, bg):
        """Mosaic gate, hardware-free: cross-platform lowering via an abstract
        8-device TPU7x mesh runs the full Pallas->Mosaic pipeline (layout
        inference, dialect verification) over the whole kernel - the fused
        router matmul, the [E, T] sublane routing, the remote copy descriptors
        with dynamic dst slices, the barrier semaphore, and MESH device ids.
        This is what caught the dynamic_slice-on-traced-arrays bug that
        interpret mode cannot see."""
        import functools
    
        from jax._src import mesh as mesh_lib
    
        rng = np.random.default_rng(0)
        i_loc = i // P_DEV
        tokens = jnp.asarray(rng.standard_normal((t, d)), jnp.float32)
        w1_l = jnp.asarray(rng.standard_normal((e, d, 2 * i_loc)) * 0.02,
                           jnp.float32)
        w2_l = jnp.asarray(rng.standard_normal((e, i_loc, d)) * 0.02, jnp.float32)
        router_w = jnp.asarray(rng.standard_normal((e, d)) * 0.1, jnp.float32)
    
        amesh = mesh_lib.AbstractMesh(
            (P_DEV,), ("x",),
            abstract_device=mesh_lib.AbstractDevice(
                device_kind="TPU7x", num_cores=1, platform="tpu"))
        fn = functools.partial(
            fused_moe_decode_tp_fused,
            mesh=amesh,
            axis_name="x",
            top_k=k,
            renormalize_topk_logits=True,
            capacity=t,
            be=4,
            bg=bg,
            bd1c=bd1c,
            bd2c=bd2c,
            interpret=False,
        )
        with mesh_lib.use_abstract_mesh(amesh):
            sfn = jax.jit(jax.shard_map(
                fn, mesh=amesh,
                in_specs=(P("x", None), P(None, None),
                          P(None, None, None), P(None, None, None)),
                out_specs=P("x", None), check_vma=False))
>           exported = jax.export.export(sfn, platforms=["tpu"])(
                tokens, router_w, w1_l, w2_l)

tests/kernels/fused_moe_v2_decode_test.py:191: 
_ _ _ _ _ _ _ _ _ _ _ _ _ _ _ _ _ _ _ _ _ _ _ _ _ _ _ _ _ _ _ _ _ _ _ _ _ _ _ _ 

args_specs = (Array([[ 0.12573022, -0.13210486,  0.64042264, ..., -0.9216339 ,
         0.80471694,  0.85274845],
       [-0.667687...        [-0.02850251, -0.01489654,  0.02140636, ..., -0.0219931 ,
          0.02090325,  0.00332002]]], dtype=float32))
kwargs_specs = {}, actual_lowering_platforms = ('tpu',)

    def do_export(*args_specs, **kwargs_specs) -> Exported:
      if platforms is not None:
        actual_lowering_platforms = tuple(platforms)
      else:
        actual_lowering_platforms = (default_export_platform(),)
    
      # TODO: move to `lower`
      check_symbolic_scope_errors(fun_jit, args_specs, kwargs_specs)
    
>     traced = fun_jit.trace(*args_specs, **kwargs_specs)
               ^^^^^^^^^^^^^^^^^^^^^^^^^^^^^^^^^^^^^^^^^^
E     ValueError: in_specs passed to shard_map: P('x', None) does not match the specs of the input: P(None, None) for arg: float32[64,256]. `in_specs` is an optional argument so you can omit specifying it and shard_map will infer the in_specs from the arguments. If you want to reshard your inputs, you can use `jax.reshard` on the arguments and then pass those args to shard_map.
E     --------------------
E     For simplicity, JAX has removed its internal frames from the traceback of the following exception. Set JAX_TRACEBACK_FILTERING=off to include these.

../miniconda3/envs/vllm12/lib/python3.12/site-packages/jax/_src/export/_export.py:612: ValueError
_ test_decode_kernel_tp_fused_lowers_for_tpu_on_cpu[64-256-16-128-4-whole_d_dots-2] _

t = 64, d = 256, e = 16, i = 128, k = 4, bd1c = None, bd2c = None, bg = 2

    @pytest.mark.parametrize("bg", [1, 2])
    @pytest.mark.parametrize("bd1c,bd2c", [(None, None), (128, 128)],
                             ids=["whole_d_dots", "chunked_dots"])
    @pytest.mark.parametrize("t,d,e,i,k", [(64, 256, 16, 128, 4)])
    def test_decode_kernel_tp_fused_lowers_for_tpu_on_cpu(t, d, e, i, k,
                                                          bd1c, bd2c, bg):
        """Mosaic gate, hardware-free: cross-platform lowering via an abstract
        8-device TPU7x mesh runs the full Pallas->Mosaic pipeline (layout
        inference, dialect verification) over the whole kernel - the fused
        router matmul, the [E, T] sublane routing, the remote copy descriptors
        with dynamic dst slices, the barrier semaphore, and MESH device ids.
        This is what caught the dynamic_slice-on-traced-arrays bug that
        interpret mode cannot see."""
        import functools
    
        from jax._src import mesh as mesh_lib
    
        rng = np.random.default_rng(0)
        i_loc = i // P_DEV
        tokens = jnp.asarray(rng.standard_normal((t, d)), jnp.float32)
        w1_l = jnp.asarray(rng.standard_normal((e, d, 2 * i_loc)) * 0.02,
                           jnp.float32)
        w2_l = jnp.asarray(rng.standard_normal((e, i_loc, d)) * 0.02, jnp.float32)
        router_w = jnp.asarray(rng.standard_normal((e, d)) * 0.1, jnp.float32)
    
        amesh = mesh_lib.AbstractMesh(
            (P_DEV,), ("x",),
            abstract_device=mesh_lib.AbstractDevice(
                device_kind="TPU7x", num_cores=1, platform="tpu"))
        fn = functools.partial(
            fused_moe_decode_tp_fused,
            mesh=amesh,
            axis_name="x",
            top_k=k,
            renormalize_topk_logits=True,
            capacity=t,
            be=4,
            bg=bg,
            bd1c=bd1c,
            bd2c=bd2c,
            interpret=False,
        )
        with mesh_lib.use_abstract_mesh(amesh):
            sfn = jax.jit(jax.shard_map(
                fn, mesh=amesh,
                in_specs=(P("x", None), P(None, None),
                          P(None, None, None), P(None, None, None)),
                out_specs=P("x", None), check_vma=False))
>           exported = jax.export.export(sfn, platforms=["tpu"])(
                tokens, router_w, w1_l, w2_l)

tests/kernels/fused_moe_v2_decode_test.py:191: 
_ _ _ _ _ _ _ _ _ _ _ _ _ _ _ _ _ _ _ _ _ _ _ _ _ _ _ _ _ _ _ _ _ _ _ _ _ _ _ _ 

args_specs = (Array([[ 0.12573022, -0.13210486,  0.64042264, ..., -0.9216339 ,
         0.80471694,  0.85274845],
       [-0.667687...        [-0.02850251, -0.01489654,  0.02140636, ..., -0.0219931 ,
          0.02090325,  0.00332002]]], dtype=float32))
kwargs_specs = {}, actual_lowering_platforms = ('tpu',)

    def do_export(*args_specs, **kwargs_specs) -> Exported:
      if platforms is not None:
        actual_lowering_platforms = tuple(platforms)
      else:
        actual_lowering_platforms = (default_export_platform(),)
    
      # TODO: move to `lower`
      check_symbolic_scope_errors(fun_jit, args_specs, kwargs_specs)
    
>     traced = fun_jit.trace(*args_specs, **kwargs_specs)
               ^^^^^^^^^^^^^^^^^^^^^^^^^^^^^^^^^^^^^^^^^^
E     ValueError: in_specs passed to shard_map: P('x', None) does not match the specs of the input: P(None, None) for arg: float32[64,256]. `in_specs` is an optional argument so you can omit specifying it and shard_map will infer the in_specs from the arguments. If you want to reshard your inputs, you can use `jax.reshard` on the arguments and then pass those args to shard_map.
E     --------------------
E     For simplicity, JAX has removed its internal frames from the traceback of the following exception. Set JAX_TRACEBACK_FILTERING=off to include these.

../miniconda3/envs/vllm12/lib/python3.12/site-packages/jax/_src/export/_export.py:612: ValueError
_ test_decode_kernel_tp_fused_lowers_for_tpu_on_cpu[64-256-16-128-4-chunked_dots-1] _

t = 64, d = 256, e = 16, i = 128, k = 4, bd1c = 128, bd2c = 128, bg = 1

    @pytest.mark.parametrize("bg", [1, 2])
    @pytest.mark.parametrize("bd1c,bd2c", [(None, None), (128, 128)],
                             ids=["whole_d_dots", "chunked_dots"])
    @pytest.mark.parametrize("t,d,e,i,k", [(64, 256, 16, 128, 4)])
    def test_decode_kernel_tp_fused_lowers_for_tpu_on_cpu(t, d, e, i, k,
                                                          bd1c, bd2c, bg):
        """Mosaic gate, hardware-free: cross-platform lowering via an abstract
        8-device TPU7x mesh runs the full Pallas->Mosaic pipeline (layout
        inference, dialect verification) over the whole kernel - the fused
        router matmul, the [E, T] sublane routing, the remote copy descriptors
        with dynamic dst slices, the barrier semaphore, and MESH device ids.
        This is what caught the dynamic_slice-on-traced-arrays bug that
        interpret mode cannot see."""
        import functools
    
        from jax._src import mesh as mesh_lib
    
        rng = np.random.default_rng(0)
        i_loc = i // P_DEV
        tokens = jnp.asarray(rng.standard_normal((t, d)), jnp.float32)
        w1_l = jnp.asarray(rng.standard_normal((e, d, 2 * i_loc)) * 0.02,
                           jnp.float32)
        w2_l = jnp.asarray(rng.standard_normal((e, i_loc, d)) * 0.02, jnp.float32)
        router_w = jnp.asarray(rng.standard_normal((e, d)) * 0.1, jnp.float32)
    
        amesh = mesh_lib.AbstractMesh(
            (P_DEV,), ("x",),
            abstract_device=mesh_lib.AbstractDevice(
                device_kind="TPU7x", num_cores=1, platform="tpu"))
        fn = functools.partial(
            fused_moe_decode_tp_fused,
            mesh=amesh,
            axis_name="x",
            top_k=k,
            renormalize_topk_logits=True,
            capacity=t,
            be=4,
            bg=bg,
            bd1c=bd1c,
            bd2c=bd2c,
            interpret=False,
        )
        with mesh_lib.use_abstract_mesh(amesh):
            sfn = jax.jit(jax.shard_map(
                fn, mesh=amesh,
                in_specs=(P("x", None), P(None, None),
                          P(None, None, None), P(None, None, None)),
                out_specs=P("x", None), check_vma=False))
>           exported = jax.export.export(sfn, platforms=["tpu"])(
                tokens, router_w, w1_l, w2_l)

tests/kernels/fused_moe_v2_decode_test.py:191: 
_ _ _ _ _ _ _ _ _ _ _ _ _ _ _ _ _ _ _ _ _ _ _ _ _ _ _ _ _ _ _ _ _ _ _ _ _ _ _ _ 

args_specs = (Array([[ 0.12573022, -0.13210486,  0.64042264, ..., -0.9216339 ,
         0.80471694,  0.85274845],
       [-0.667687...        [-0.02850251, -0.01489654,  0.02140636, ..., -0.0219931 ,
          0.02090325,  0.00332002]]], dtype=float32))
kwargs_specs = {}, actual_lowering_platforms = ('tpu',)

    def do_export(*args_specs, **kwargs_specs) -> Exported:
      if platforms is not None:
        actual_lowering_platforms = tuple(platforms)
      else:
        actual_lowering_platforms = (default_export_platform(),)
    
      # TODO: move to `lower`
      check_symbolic_scope_errors(fun_jit, args_specs, kwargs_specs)
    
>     traced = fun_jit.trace(*args_specs, **kwargs_specs)
               ^^^^^^^^^^^^^^^^^^^^^^^^^^^^^^^^^^^^^^^^^^
E     ValueError: in_specs passed to shard_map: P('x', None) does not match the specs of the input: P(None, None) for arg: float32[64,256]. `in_specs` is an optional argument so you can omit specifying it and shard_map will infer the in_specs from the arguments. If you want to reshard your inputs, you can use `jax.reshard` on the arguments and then pass those args to shard_map.
E     --------------------
E     For simplicity, JAX has removed its internal frames from the traceback of the following exception. Set JAX_TRACEBACK_FILTERING=off to include these.

../miniconda3/envs/vllm12/lib/python3.12/site-packages/jax/_src/export/_export.py:612: ValueError
_ test_decode_kernel_tp_fused_lowers_for_tpu_on_cpu[64-256-16-128-4-chunked_dots-2] _

t = 64, d = 256, e = 16, i = 128, k = 4, bd1c = 128, bd2c = 128, bg = 2

    @pytest.mark.parametrize("bg", [1, 2])
    @pytest.mark.parametrize("bd1c,bd2c", [(None, None), (128, 128)],
                             ids=["whole_d_dots", "chunked_dots"])
    @pytest.mark.parametrize("t,d,e,i,k", [(64, 256, 16, 128, 4)])
    def test_decode_kernel_tp_fused_lowers_for_tpu_on_cpu(t, d, e, i, k,
                                                          bd1c, bd2c, bg):
        """Mosaic gate, hardware-free: cross-platform lowering via an abstract
        8-device TPU7x mesh runs the full Pallas->Mosaic pipeline (layout
        inference, dialect verification) over the whole kernel - the fused
        router matmul, the [E, T] sublane routing, the remote copy descriptors
        with dynamic dst slices, the barrier semaphore, and MESH device ids.
        This is what caught the dynamic_slice-on-traced-arrays bug that
        interpret mode cannot see."""
        import functools
    
        from jax._src import mesh as mesh_lib
    
        rng = np.random.default_rng(0)
        i_loc = i // P_DEV
        tokens = jnp.asarray(rng.standard_normal((t, d)), jnp.float32)
        w1_l = jnp.asarray(rng.standard_normal((e, d, 2 * i_loc)) * 0.02,
                           jnp.float32)
        w2_l = jnp.asarray(rng.standard_normal((e, i_loc, d)) * 0.02, jnp.float32)
        router_w = jnp.asarray(rng.standard_normal((e, d)) * 0.1, jnp.float32)
    
        amesh = mesh_lib.AbstractMesh(
            (P_DEV,), ("x",),
            abstract_device=mesh_lib.AbstractDevice(
                device_kind="TPU7x", num_cores=1, platform="tpu"))
        fn = functools.partial(
            fused_moe_decode_tp_fused,
            mesh=amesh,
            axis_name="x",
            top_k=k,
            renormalize_topk_logits=True,
            capacity=t,
            be=4,
            bg=bg,
            bd1c=bd1c,
            bd2c=bd2c,
            interpret=False,
        )
        with mesh_lib.use_abstract_mesh(amesh):
            sfn = jax.jit(jax.shard_map(
                fn, mesh=amesh,
                in_specs=(P("x", None), P(None, None),
                          P(None, None, None), P(None, None, None)),
                out_specs=P("x", None), check_vma=False))
>           exported = jax.export.export(sfn, platforms=["tpu"])(
                tokens, router_w, w1_l, w2_l)

tests/kernels/fused_moe_v2_decode_test.py:191: 
_ _ _ _ _ _ _ _ _ _ _ _ _ _ _ _ _ _ _ _ _ _ _ _ _ _ _ _ _ _ _ _ _ _ _ _ _ _ _ _ 

args_specs = (Array([[ 0.12573022, -0.13210486,  0.64042264, ..., -0.9216339 ,
         0.80471694,  0.85274845],
       [-0.667687...        [-0.02850251, -0.01489654,  0.02140636, ..., -0.0219931 ,
          0.02090325,  0.00332002]]], dtype=float32))
kwargs_specs = {}, actual_lowering_platforms = ('tpu',)

    def do_export(*args_specs, **kwargs_specs) -> Exported:
      if platforms is not None:
        actual_lowering_platforms = tuple(platforms)
      else:
        actual_lowering_platforms = (default_export_platform(),)
    
      # TODO: move to `lower`
      check_symbolic_scope_errors(fun_jit, args_specs, kwargs_specs)
    
>     traced = fun_jit.trace(*args_specs, **kwargs_specs)
               ^^^^^^^^^^^^^^^^^^^^^^^^^^^^^^^^^^^^^^^^^^
E     ValueError: in_specs passed to shard_map: P('x', None) does not match the specs of the input: P(None, None) for arg: float32[64,256]. `in_specs` is an optional argument so you can omit specifying it and shard_map will infer the in_specs from the arguments. If you want to reshard your inputs, you can use `jax.reshard` on the arguments and then pass those args to shard_map.
E     --------------------
E     For simplicity, JAX has removed its internal frames from the traceback of the following exception. Set JAX_TRACEBACK_FILTERING=off to include these.

../miniconda3/envs/vllm12/lib/python3.12/site-packages/jax/_src/export/_export.py:612: ValueError
__________ test_decode_kernel_fp8_lowers_for_tpu_on_cpu[design_rows] ___________

t = 64

    @pytest.mark.parametrize("t", [64, 16],
                             ids=["design_rows", "tiny_bucket"])
    def test_decode_kernel_fp8_lowers_for_tpu_on_cpu(t):
        """Mosaic gate for the fp8 path at the serving dtype and BOTH row
        buckets (lesson C.21: lowering tests must cover the serving dtype
        and the smallest bucket). Exercises the fp8-only code: e4m3
        tokens_full/x stores at 32-row granularity, the OHS reduce, scale
        slab DMAs riding the weight sems, the e4m3 gather store, and the
        K-fused combine's concatenated K=bg*be*C dot."""
        import functools
    
        from jax._src import mesh as mesh_lib
    
        d, e, i, k = 256, 16, 128, 4
        i_loc = i // P_DEV
        rng = np.random.default_rng(0)
        tokens = jnp.asarray(rng.standard_normal((t, d)), jnp.bfloat16)
        gating = jnp.asarray(rng.standard_normal((t, e)), jnp.float32)
        w1_l = np.asarray(rng.standard_normal((e, d, 2 * i_loc)),
                          jnp.float8_e4m3fn)
        w2_l = np.asarray(rng.standard_normal((e, i_loc, d)),
                          jnp.float8_e4m3fn)
        w1s_l = jnp.ones((e, 1, 1, 2 * i_loc), jnp.float32)
        w2s_l = jnp.ones((e, 1, 1, d), jnp.float32)
    
        amesh = mesh_lib.AbstractMesh(
            (P_DEV,), ("x",),
            abstract_device=mesh_lib.AbstractDevice(
                device_kind="TPU7x", num_cores=1, platform="tpu"))
        fn = functools.partial(
            fused_moe_decode_tp_fused,
            router_fused=False,
            mesh=amesh,
            axis_name="x",
            top_k=k,
            renormalize_topk_logits=True,
            capacity=32,
            be=4,
            bg=2,
            interpret=False,
        )
        with mesh_lib.use_abstract_mesh(amesh):
            sfn = jax.jit(jax.shard_map(
                fn, mesh=amesh,
                in_specs=(P("x", None), P("x", None),
                          P(None, None, None), P(None, None, None),
                          P(None, None, None, None),
                          P(None, None, None, None)),
                out_specs=P("x", None), check_vma=False))
            exported = jax.export.export(sfn, platforms=["tpu"])(
>               tokens, gating, jnp.asarray(w1_l), jnp.asarray(w2_l),
                                ^^^^^^^^^^^^^^^^^
                w1s_l, w2s_l)

tests/kernels/fused_moe_v2_decode_test.py:460: 
_ _ _ _ _ _ _ _ _ _ _ _ _ _ _ _ _ _ _ _ _ _ _ _ _ _ _ _ _ _ _ _ _ _ _ _ _ _ _ _ 
../miniconda3/envs/vllm12/lib/python3.12/site-packages/jax/_src/numpy/array_constructors.py:456: in asarray
    return array(a, dtype=dtype, copy=bool(copy), order=order, device=device,
../miniconda3/envs/vllm12/lib/python3.12/site-packages/jax/_src/numpy/array_constructors.py:208: in array
    return lax.stage(object)
           ^^^^^^^^^^^^^^^^^
../miniconda3/envs/vllm12/lib/python3.12/site-packages/jax/_src/lax/lax.py:1629: in stage
    return stage_p.bind(x)
           ^^^^^^^^^^^^^^^
../miniconda3/envs/vllm12/lib/python3.12/site-packages/jax/_src/core.py:724: in bind
    return self.bind_with_trace(prev_trace, args, avals, params)
           ^^^^^^^^^^^^^^^^^^^^^^^^^^^^^^^^^^^^^^^^^^^^^^^^^^^^^
../miniconda3/envs/vllm12/lib/python3.12/site-packages/jax/_src/lax/lax.py:5487: in _stage_bind_with_trace
    return trace.stage_value(args[0])
           ^^^^^^^^^^^^^^^^^^^^^^^^^^
../miniconda3/envs/vllm12/lib/python3.12/site-packages/jax/_src/core.py:1295: in stage_value
    return self.process_primitive(stage_p, [val], {})
           ^^^^^^^^^^^^^^^^^^^^^^^^^^^^^^^^^^^^^^^^^^
../miniconda3/envs/vllm12/lib/python3.12/site-packages/jax/_src/core.py:1306: in process_primitive
    return primitive.impl(*args, **params)
           ^^^^^^^^^^^^^^^^^^^^^^^^^^^^^^^
../miniconda3/envs/vllm12/lib/python3.12/site-packages/jax/_src/lax/lax.py:5477: in _stage_impl
    return dispatch.apply_primitive(stage_p, x)
           ^^^^^^^^^^^^^^^^^^^^^^^^^^^^^^^^^^^^
_ _ _ _ _ _ _ _ _ _ _ _ _ _ _ _ _ _ _ _ _ _ _ _ _ _ _ _ _ _ _ _ _ _ _ _ _ _ _ _ 

prim = stage
args = (TypedNdArray([[[-0.75, -0.75, 1.125, ..., 0.28125, 0.40625, -1],
               [-0.40625, -1.25, -0.75, ..., -0.875,...0.75, -0.34375],
               [0.8125, 0.46875, 1.75, ..., 0.875, -1.5, -0.625]]],             dtype=float8_e4m3fn),)
params = {}, fun = <PjitFunction of <function stage at 0x71e65717f6a0>>
prev = <object object at 0x71eb93f14a00>

    def apply_primitive(prim, *args, **params):
      """Impl rule that compiles and runs a single primitive 'prim' using XLA."""
      fun = xla_primitive_callable(prim, **params)
      # TODO(yashkatariya): Investigate adding is_primitive to jit and never
      # triggering the disable jit path instead of messing around with it here.
      prev = config.disable_jit.swap_local(False)
      try:
>       outs = fun(*args)
               ^^^^^^^^^^
E       ValueError: Passing lowering_platforms via jax.export or jit(f).trace(*args).lower(lowering_platforms=...) is required when only AbstractMesh exists in a jitted computation. Got context mesh: AbstractMesh('x': 8, axis_types=(Explicit,), device_kind=TPU7x, num_cores=1, platform=tpu)
E       --------------------
E       For simplicity, JAX has removed its internal frames from the traceback of the following exception. Set JAX_TRACEBACK_FILTERING=off to include these.

../miniconda3/envs/vllm12/lib/python3.12/site-packages/jax/_src/dispatch.py:88: ValueError
__________ test_decode_kernel_fp8_lowers_for_tpu_on_cpu[tiny_bucket] ___________

t = 16

    @pytest.mark.parametrize("t", [64, 16],
                             ids=["design_rows", "tiny_bucket"])
    def test_decode_kernel_fp8_lowers_for_tpu_on_cpu(t):
        """Mosaic gate for the fp8 path at the serving dtype and BOTH row
        buckets (lesson C.21: lowering tests must cover the serving dtype
        and the smallest bucket). Exercises the fp8-only code: e4m3
        tokens_full/x stores at 32-row granularity, the OHS reduce, scale
        slab DMAs riding the weight sems, the e4m3 gather store, and the
        K-fused combine's concatenated K=bg*be*C dot."""
        import functools
    
        from jax._src import mesh as mesh_lib
    
        d, e, i, k = 256, 16, 128, 4
        i_loc = i // P_DEV
        rng = np.random.default_rng(0)
        tokens = jnp.asarray(rng.standard_normal((t, d)), jnp.bfloat16)
        gating = jnp.asarray(rng.standard_normal((t, e)), jnp.float32)
        w1_l = np.asarray(rng.standard_normal((e, d, 2 * i_loc)),
                          jnp.float8_e4m3fn)
        w2_l = np.asarray(rng.standard_normal((e, i_loc, d)),
                          jnp.float8_e4m3fn)
        w1s_l = jnp.ones((e, 1, 1, 2 * i_loc), jnp.float32)
        w2s_l = jnp.ones((e, 1, 1, d), jnp.float32)
    
        amesh = mesh_lib.AbstractMesh(
            (P_DEV,), ("x",),
            abstract_device=mesh_lib.AbstractDevice(
                device_kind="TPU7x", num_cores=1, platform="tpu"))
        fn = functools.partial(
            fused_moe_decode_tp_fused,
            router_fused=False,
            mesh=amesh,
            axis_name="x",
            top_k=k,
            renormalize_topk_logits=True,
            capacity=32,
            be=4,
            bg=2,
            interpret=False,
        )
        with mesh_lib.use_abstract_mesh(amesh):
            sfn = jax.jit(jax.shard_map(
                fn, mesh=amesh,
                in_specs=(P("x", None), P("x", None),
                          P(None, None, None), P(None, None, None),
                          P(None, None, None, None),
                          P(None, None, None, None)),
                out_specs=P("x", None), check_vma=False))
            exported = jax.export.export(sfn, platforms=["tpu"])(
>               tokens, gating, jnp.asarray(w1_l), jnp.asarray(w2_l),
                                ^^^^^^^^^^^^^^^^^
                w1s_l, w2s_l)

tests/kernels/fused_moe_v2_decode_test.py:460: 
_ _ _ _ _ _ _ _ _ _ _ _ _ _ _ _ _ _ _ _ _ _ _ _ _ _ _ _ _ _ _ _ _ _ _ _ _ _ _ _ 
../miniconda3/envs/vllm12/lib/python3.12/site-packages/jax/_src/numpy/array_constructors.py:456: in asarray
    return array(a, dtype=dtype, copy=bool(copy), order=order, device=device,
../miniconda3/envs/vllm12/lib/python3.12/site-packages/jax/_src/numpy/array_constructors.py:208: in array
    return lax.stage(object)
           ^^^^^^^^^^^^^^^^^
../miniconda3/envs/vllm12/lib/python3.12/site-packages/jax/_src/lax/lax.py:1629: in stage
    return stage_p.bind(x)
           ^^^^^^^^^^^^^^^
../miniconda3/envs/vllm12/lib/python3.12/site-packages/jax/_src/core.py:724: in bind
    return self.bind_with_trace(prev_trace, args, avals, params)
           ^^^^^^^^^^^^^^^^^^^^^^^^^^^^^^^^^^^^^^^^^^^^^^^^^^^^^
../miniconda3/envs/vllm12/lib/python3.12/site-packages/jax/_src/lax/lax.py:5487: in _stage_bind_with_trace
    return trace.stage_value(args[0])
           ^^^^^^^^^^^^^^^^^^^^^^^^^^
../miniconda3/envs/vllm12/lib/python3.12/site-packages/jax/_src/core.py:1295: in stage_value
    return self.process_primitive(stage_p, [val], {})
           ^^^^^^^^^^^^^^^^^^^^^^^^^^^^^^^^^^^^^^^^^^
../miniconda3/envs/vllm12/lib/python3.12/site-packages/jax/_src/core.py:1306: in process_primitive
    return primitive.impl(*args, **params)
           ^^^^^^^^^^^^^^^^^^^^^^^^^^^^^^^
../miniconda3/envs/vllm12/lib/python3.12/site-packages/jax/_src/lax/lax.py:5477: in _stage_impl
    return dispatch.apply_primitive(stage_p, x)
           ^^^^^^^^^^^^^^^^^^^^^^^^^^^^^^^^^^^^
_ _ _ _ _ _ _ _ _ _ _ _ _ _ _ _ _ _ _ _ _ _ _ _ _ _ _ _ _ _ _ _ _ _ _ _ _ _ _ _ 

prim = stage
args = (TypedNdArray([[[1.125, 0.5, 0.078125, ..., 0.4375, 2, 0.40625],
               [0.171875, -0.0625, 0.28125, ..., 1.5,...,
               [0.0078125, -0.0351562, 1, ..., -0.171875, 0.8125,
                -0.21875]]], dtype=float8_e4m3fn),)
params = {}, fun = <PjitFunction of <function stage at 0x71e65717f6a0>>
prev = <object object at 0x71eb93f14a00>

    def apply_primitive(prim, *args, **params):
      """Impl rule that compiles and runs a single primitive 'prim' using XLA."""
      fun = xla_primitive_callable(prim, **params)
      # TODO(yashkatariya): Investigate adding is_primitive to jit and never
      # triggering the disable jit path instead of messing around with it here.
      prev = config.disable_jit.swap_local(False)
      try:
>       outs = fun(*args)
               ^^^^^^^^^^
E       ValueError: Passing lowering_platforms via jax.export or jit(f).trace(*args).lower(lowering_platforms=...) is required when only AbstractMesh exists in a jitted computation. Got context mesh: AbstractMesh('x': 8, axis_types=(Explicit,), device_kind=TPU7x, num_cores=1, platform=tpu)
E       --------------------
E       For simplicity, JAX has removed its internal frames from the traceback of the following exception. Set JAX_TRACEBACK_FILTERING=off to include these.

../miniconda3/envs/vllm12/lib/python3.12/site-packages/jax/_src/dispatch.py:88: ValueError
=============================== warnings summary ===============================
../miniconda3/envs/vllm12/lib/python3.12/site-packages/torch/cuda/__init__.py:1007
../miniconda3/envs/vllm12/lib/python3.12/site-packages/torch/cuda/__init__.py:1007
  /home/ymu_google_com/miniconda3/envs/vllm12/lib/python3.12/site-packages/torch/cuda/__init__.py:1007: UserWarning: Can't initialize NVML
    raw_cnt = _raw_device_count_nvml()

../miniconda3/envs/vllm12/lib/python3.12/site-packages/tpu_info/device.py:33
  /home/ymu_google_com/miniconda3/envs/vllm12/lib/python3.12/site-packages/tpu_info/device.py:33: DeprecationWarning: In 3.13 classes created inside an enum will not become a member.  Use the `member` decorator to keep the current behavior.
    class Info(typing.NamedTuple):

../miniconda3/envs/vllm12/lib/python3.12/multiprocessing/popen_fork.py:66
  /home/ymu_google_com/miniconda3/envs/vllm12/lib/python3.12/multiprocessing/popen_fork.py:66: DeprecationWarning: This process (pid=494831) is multi-threaded, use of fork() may lead to deadlocks in the child.
    self.pid = os.fork()

-- Docs: https://docs.pytest.org/en/stable/how-to/capture-warnings.html
=========================== short test summary info ============================
FAILED tests/kernels/fused_moe_v2_decode_test.py::test_decode_kernel_tp_fused_lowers_for_tpu_on_cpu[64-256-16-128-4-whole_d_dots-1]
FAILED tests/kernels/fused_moe_v2_decode_test.py::test_decode_kernel_tp_fused_lowers_for_tpu_on_cpu[64-256-16-128-4-whole_d_dots-2]
FAILED tests/kernels/fused_moe_v2_decode_test.py::test_decode_kernel_tp_fused_lowers_for_tpu_on_cpu[64-256-16-128-4-chunked_dots-1]
FAILED tests/kernels/fused_moe_v2_decode_test.py::test_decode_kernel_tp_fused_lowers_for_tpu_on_cpu[64-256-16-128-4-chunked_dots-2]
FAILED tests/kernels/fused_moe_v2_decode_test.py::test_decode_kernel_fp8_lowers_for_tpu_on_cpu[design_rows]
FAILED tests/kernels/fused_moe_v2_decode_test.py::test_decode_kernel_fp8_lowers_for_tpu_on_cpu[tiny_bucket]
6 failed, 16 passed, 4 warnings in 35.98s
+ exit=1

+ python -m tpu_inference.kernels.fused_moe.v2.bench_decode --variants=v1,v02 --iters=15 --warmup=3 --be=4 --bg=4 --capacity=32 --bd1c=256 --bd2c=128 --bcT=256
WARNING 08-30 20:46:15 [tpu_platform.py:447] Pin memory is not supported on TPU.
/home/ymu_google_com/miniconda3/envs/vllm12/lib/python3.12/site-packages/torch/cuda/__init__.py:1007: UserWarning: Can't initialize NVML
  raw_cnt = _raw_device_count_nvml()
/home/ymu_google_com/miniconda3/envs/vllm12/lib/python3.12/site-packages/torch/cuda/__init__.py:1007: UserWarning: Can't initialize NVML
  raw_cnt = _raw_device_count_nvml()
INFO 08-30 20:46:18 [importing.py:53] Triton is installed but 0 active driver(s) found (expected 1). Disabling Triton to prevent runtime errors.
INFO 08-30 20:46:18 [importing.py:88] Triton not installed or not compatible; certain GPU-related functions will not be available.
INFO 08-30 20:46:18 [__init__.py:76] TPU info: node_name=cuiq-infer-tpu7x-8-3 | tpu_type=tpu7x-8 | worker_id=0 | num_chips=8 | num_cores_per_chip=2
devices=8  T=512 (64/chip)  D=4096  E=512  I=1024  k=10  dtype=bfloat16
weights/device = 1536 MiB
WARNING 08-30 20:47:45 [tuned_block_sizes.py:423] [Fused MOE kernel] using default block sizes for key: (4096, 1024, 512, 10, 2, 2, 512, 8): (64, 512, 1024, 2048, 32, 512, 1024, 2048)
Traceback (most recent call last):
  File "/home/ymu_google_com/tpu-inference/tpu_inference/kernels/fused_moe/v1/kernel.py", line 1812, in kernel
    return fused_moe(
jax._src.source_info_util.JaxStackTraceBeforeTransformation: RuntimeError: Pallas TPU requires a recent libtpu version (at least 0.0.44). Found version string:
PJRT C API
TFRT TPU7x
Built on Jun 17 2026 11:08:48 (1781719728) cl/933746096

The preceding stack trace is the source of the JAX operation that, once transformed by JAX, triggered the following exception.

--------------------

The above exception was the direct cause of the following exception:

Traceback (most recent call last):
  File "<frozen runpy>", line 198, in _run_module_as_main
  File "<frozen runpy>", line 88, in _run_code
  File "/home/ymu_google_com/tpu-inference/tpu_inference/kernels/fused_moe/v2/bench_decode.py", line 657, in <module>
    main()
  File "/home/ymu_google_com/tpu-inference/tpu_inference/kernels/fused_moe/v2/bench_decode.py", line 612, in main
    outs = {name: np.asarray(fn(), np.float32)
                             ^^^^
  File "/home/ymu_google_com/tpu-inference/tpu_inference/kernels/fused_moe/v2/bench_decode.py", line 323, in run_v1
    return fused_ep_moe(
           ^^^^^^^^^^^^^
  File "/home/ymu_google_com/miniconda3/envs/vllm12/lib/python3.12/site-packages/jax/_src/pallas/pallas_call.py", line 980, in _pallas_call_lowering
    return mlir.lower_per_platform(
           ^^^^^^^^^^^^^^^^^^^^^^^^
  File "/home/ymu_google_com/miniconda3/envs/vllm12/lib/python3.12/site-packages/jax/_src/pallas/pallas_call.py", line 904, in tpu_lowering
    return mosaic_tpu_backend.pallas_call_tpu_lowering_rule(
           ^^^^^^^^^^^^^^^^^^^^^^^^^^^^^^^^^^^^^^^^^^^^^^^^^
  File "/home/ymu_google_com/miniconda3/envs/vllm12/lib/python3.12/site-packages/jax/_src/pallas/mosaic/pallas_call_registration.py", line 435, in pallas_call_tpu_lowering_rule
    mosaic_module = lowering.lower_jaxpr_to_pipelined_module(
                    ^^^^^^^^^^^^^^^^^^^^^^^^^^^^^^^^^^^^^^^^^
  File "/home/ymu_google_com/miniconda3/envs/vllm12/lib/python3.12/site-packages/jax/_src/pallas/mosaic/lowering.py", line 1020, in lower_jaxpr_to_pipelined_module
    lower_jaxpr_into_pipelined_module(
  File "/home/ymu_google_com/miniconda3/envs/vllm12/lib/python3.12/site-packages/jax/_src/pallas/mosaic/lowering.py", line 1052, in lower_jaxpr_into_pipelined_module
    raise RuntimeError(
RuntimeError: Pallas TPU requires a recent libtpu version (at least 0.0.44). Found version string:
PJRT C API
TFRT TPU7x
Built on Jun 17 2026 11:08:48 (1781719728) cl/933746096
--------------------
For simplicity, JAX has removed its internal frames from the traceback of the following exception. Set JAX_TRACEBACK_FILTERING=off to include these.
+ exit=1

+ python -m tpu_inference.kernels.fused_moe.v2.bench_decode --wdtype=fp8 --tune --iters=10 --warmup=3
WARNING 08-30 20:47:51 [tpu_platform.py:447] Pin memory is not supported on TPU.
/home/ymu_google_com/miniconda3/envs/vllm12/lib/python3.12/site-packages/torch/cuda/__init__.py:1007: UserWarning: Can't initialize NVML
  raw_cnt = _raw_device_count_nvml()
/home/ymu_google_com/miniconda3/envs/vllm12/lib/python3.12/site-packages/torch/cuda/__init__.py:1007: UserWarning: Can't initialize NVML
  raw_cnt = _raw_device_count_nvml()
INFO 08-30 20:47:55 [importing.py:53] Triton is installed but 0 active driver(s) found (expected 1). Disabling Triton to prevent runtime errors.
INFO 08-30 20:47:55 [importing.py:88] Triton not installed or not compatible; certain GPU-related functions will not be available.
INFO 08-30 20:47:55 [__init__.py:76] TPU info: node_name=cuiq-infer-tpu7x-8-3 | tpu_type=tpu7x-8 | worker_id=0 | num_chips=8 | num_cores_per_chip=2
devices=8  T=512 (64/chip)  D=4096  E=512  I=1024  k=10  dtype=bfloat16
weights/device = 1536 MiB
v2 weights: e4m3 + per-channel scales -> 768 MiB/device (+ scales 8.5)
WARNING 08-30 20:49:27 [tuned_block_sizes.py:423] [Fused MOE kernel] using default block sizes for key: (4096, 1024, 512, 10, 2, 2, 512, 8): (64, 512, 1024, 2048, 32, 512, 1024, 2048)
Traceback (most recent call last):
  File "/home/ymu_google_com/tpu-inference/tpu_inference/kernels/fused_moe/v1/kernel.py", line 1812, in kernel
    return fused_moe(
jax._src.source_info_util.JaxStackTraceBeforeTransformation: RuntimeError: Pallas TPU requires a recent libtpu version (at least 0.0.44). Found version string:
PJRT C API
TFRT TPU7x
Built on Jun 17 2026 11:08:48 (1781719728) cl/933746096

The preceding stack trace is the source of the JAX operation that, once transformed by JAX, triggered the following exception.

--------------------

The above exception was the direct cause of the following exception:

Traceback (most recent call last):
  File "<frozen runpy>", line 198, in _run_module_as_main
  File "<frozen runpy>", line 88, in _run_code
  File "/home/ymu_google_com/tpu-inference/tpu_inference/kernels/fused_moe/v2/bench_decode.py", line 657, in <module>
    main()
  File "/home/ymu_google_com/tpu-inference/tpu_inference/kernels/fused_moe/v2/bench_decode.py", line 472, in main
    v1_us, _ = _time(variants["v1_ep_a2a"], iters=args.iters,
               ^^^^^^^^^^^^^^^^^^^^^^^^^^^^^^^^^^^^^^^^^^^^^^
  File "/home/ymu_google_com/tpu-inference/tpu_inference/kernels/fused_moe/v2/bench_decode.py", line 197, in _time
    jax.block_until_ready(fn())
                          ^^^^
  File "/home/ymu_google_com/tpu-inference/tpu_inference/kernels/fused_moe/v2/bench_decode.py", line 323, in run_v1
    return fused_ep_moe(
           ^^^^^^^^^^^^^
  File "/home/ymu_google_com/miniconda3/envs/vllm12/lib/python3.12/site-packages/jax/_src/pallas/pallas_call.py", line 980, in _pallas_call_lowering
    return mlir.lower_per_platform(
           ^^^^^^^^^^^^^^^^^^^^^^^^
  File "/home/ymu_google_com/miniconda3/envs/vllm12/lib/python3.12/site-packages/jax/_src/pallas/pallas_call.py", line 904, in tpu_lowering
    return mosaic_tpu_backend.pallas_call_tpu_lowering_rule(
           ^^^^^^^^^^^^^^^^^^^^^^^^^^^^^^^^^^^^^^^^^^^^^^^^^
  File "/home/ymu_google_com/miniconda3/envs/vllm12/lib/python3.12/site-packages/jax/_src/pallas/mosaic/pallas_call_registration.py", line 435, in pallas_call_tpu_lowering_rule
    mosaic_module = lowering.lower_jaxpr_to_pipelined_module(
                    ^^^^^^^^^^^^^^^^^^^^^^^^^^^^^^^^^^^^^^^^^
  File "/home/ymu_google_com/miniconda3/envs/vllm12/lib/python3.12/site-packages/jax/_src/pallas/mosaic/lowering.py", line 1020, in lower_jaxpr_to_pipelined_module
    lower_jaxpr_into_pipelined_module(
  File "/home/ymu_google_com/miniconda3/envs/vllm12/lib/python3.12/site-packages/jax/_src/pallas/mosaic/lowering.py", line 1052, in lower_jaxpr_into_pipelined_module
    raise RuntimeError(
RuntimeError: Pallas TPU requires a recent libtpu version (at least 0.0.44). Found version string:
PJRT C API
TFRT TPU7x
Built on Jun 17 2026 11:08:48 (1781719728) cl/933746096
--------------------
For simplicity, JAX has removed its internal frames from the traceback of the following exception. Set JAX_TRACEBACK_FILTERING=off to include these.
+ exit=1

+ python -m tpu_inference.kernels.fused_moe.v2.bench_decode --wdtype=fp8 --variants=v02 --iters=30 --warmup=5 --be=4 --bg=4 --capacity=32 --bd1c=256 --bd2c=128 --bcT=256
WARNING 08-30 20:49:33 [tpu_platform.py:447] Pin memory is not supported on TPU.
/home/ymu_google_com/miniconda3/envs/vllm12/lib/python3.12/site-packages/torch/cuda/__init__.py:1007: UserWarning: Can't initialize NVML
  raw_cnt = _raw_device_count_nvml()
/home/ymu_google_com/miniconda3/envs/vllm12/lib/python3.12/site-packages/torch/cuda/__init__.py:1007: UserWarning: Can't initialize NVML
  raw_cnt = _raw_device_count_nvml()
INFO 08-30 20:49:37 [importing.py:53] Triton is installed but 0 active driver(s) found (expected 1). Disabling Triton to prevent runtime errors.
INFO 08-30 20:49:37 [importing.py:88] Triton not installed or not compatible; certain GPU-related functions will not be available.
INFO 08-30 20:49:37 [__init__.py:76] TPU info: node_name=cuiq-infer-tpu7x-8-3 | tpu_type=tpu7x-8 | worker_id=0 | num_chips=8 | num_cores_per_chip=2
Traceback (most recent call last):
  File "/home/ymu_google_com/tpu-inference/tpu_inference/kernels/fused_moe/v2/decode_kernel.py", line 1425, in fused_moe_decode_tp_fused
    out = pl.pallas_call(
jax._src.source_info_util.JaxStackTraceBeforeTransformation: RuntimeError: Pallas TPU requires a recent libtpu version (at least 0.0.44). Found version string:
PJRT C API
TFRT TPU7x
Built on Jun 17 2026 11:08:48 (1781719728) cl/933746096

The preceding stack trace is the source of the JAX operation that, once transformed by JAX, triggered the following exception.

--------------------

The above exception was the direct cause of the following exception:

Traceback (most recent call last):
  File "<frozen runpy>", line 198, in _run_module_as_main
  File "<frozen runpy>", line 88, in _run_code
  File "/home/ymu_google_com/tpu-inference/tpu_inference/kernels/fused_moe/v2/bench_decode.py", line 657, in <module>
    main()
  File "/home/ymu_google_com/tpu-inference/tpu_inference/kernels/fused_moe/v2/bench_decode.py", line 612, in main
    outs = {name: np.asarray(fn(), np.float32)
                             ^^^^
  File "/home/ymu_google_com/tpu-inference/tpu_inference/kernels/fused_moe/v2/bench_decode.py", line 429, in <lambda>
    return lambda: jitted(*operands)
                   ^^^^^^^^^^^^^^^^^
  File "/home/ymu_google_com/miniconda3/envs/vllm12/lib/python3.12/site-packages/jax/_src/pallas/pallas_call.py", line 980, in _pallas_call_lowering
    return mlir.lower_per_platform(
           ^^^^^^^^^^^^^^^^^^^^^^^^
  File "/home/ymu_google_com/miniconda3/envs/vllm12/lib/python3.12/site-packages/jax/_src/pallas/pallas_call.py", line 904, in tpu_lowering
    return mosaic_tpu_backend.pallas_call_tpu_lowering_rule(
           ^^^^^^^^^^^^^^^^^^^^^^^^^^^^^^^^^^^^^^^^^^^^^^^^^
  File "/home/ymu_google_com/miniconda3/envs/vllm12/lib/python3.12/site-packages/jax/_src/pallas/mosaic/pallas_call_registration.py", line 435, in pallas_call_tpu_lowering_rule
    mosaic_module = lowering.lower_jaxpr_to_pipelined_module(
                    ^^^^^^^^^^^^^^^^^^^^^^^^^^^^^^^^^^^^^^^^^
  File "/home/ymu_google_com/miniconda3/envs/vllm12/lib/python3.12/site-packages/jax/_src/pallas/mosaic/lowering.py", line 1020, in lower_jaxpr_to_pipelined_module
    lower_jaxpr_into_pipelined_module(
  File "/home/ymu_google_com/miniconda3/envs/vllm12/lib/python3.12/site-packages/jax/_src/pallas/mosaic/lowering.py", line 1052, in lower_jaxpr_into_pipelined_module
    raise RuntimeError(
RuntimeError: Pallas TPU requires a recent libtpu version (at least 0.0.44). Found version string:
PJRT C API
TFRT TPU7x
Built on Jun 17 2026 11:08:48 (1781719728) cl/933746096
--------------------
For simplicity, JAX has removed its internal frames from the traceback of the following exception. Set JAX_TRACEBACK_FILTERING=off to include these.
devices=8  T=512 (64/chip)  D=4096  E=512  I=1024  k=10  dtype=bfloat16
weights/device = 1536 MiB
v2 weights: e4m3 + per-channel scales -> 768 MiB/device (+ scales 8.5)
+ exit=1

+ python -m tpu_inference.kernels.fused_moe.v2.bench_decode --wdtype=fp8 --act-scale=tensor --variants=v02 --iters=30 --warmup=5 --be=4 --bg=4 --capacity=32 --bd1c=256 --bd2c=128 --bcT=256
WARNING 08-30 20:51:10 [tpu_platform.py:447] Pin memory is not supported on TPU.
/home/ymu_google_com/miniconda3/envs/vllm12/lib/python3.12/site-packages/torch/cuda/__init__.py:1007: UserWarning: Can't initialize NVML
  raw_cnt = _raw_device_count_nvml()
/home/ymu_google_com/miniconda3/envs/vllm12/lib/python3.12/site-packages/torch/cuda/__init__.py:1007: UserWarning: Can't initialize NVML
  raw_cnt = _raw_device_count_nvml()
INFO 08-30 20:51:14 [importing.py:53] Triton is installed but 0 active driver(s) found (expected 1). Disabling Triton to prevent runtime errors.
INFO 08-30 20:51:14 [importing.py:88] Triton not installed or not compatible; certain GPU-related functions will not be available.
INFO 08-30 20:51:14 [__init__.py:76] TPU info: node_name=cuiq-infer-tpu7x-8-3 | tpu_type=tpu7x-8 | worker_id=0 | num_chips=8 | num_cores_per_chip=2
Traceback (most recent call last):
  File "/home/ymu_google_com/tpu-inference/tpu_inference/kernels/fused_moe/v2/decode_kernel.py", line 1425, in fused_moe_decode_tp_fused
    out = pl.pallas_call(
jax._src.source_info_util.JaxStackTraceBeforeTransformation: RuntimeError: Pallas TPU requires a recent libtpu version (at least 0.0.44). Found version string:
PJRT C API
TFRT TPU7x
Built on Jun 17 2026 11:08:48 (1781719728) cl/933746096

The preceding stack trace is the source of the JAX operation that, once transformed by JAX, triggered the following exception.

--------------------

The above exception was the direct cause of the following exception:

Traceback (most recent call last):
  File "<frozen runpy>", line 198, in _run_module_as_main
  File "<frozen runpy>", line 88, in _run_code
  File "/home/ymu_google_com/tpu-inference/tpu_inference/kernels/fused_moe/v2/bench_decode.py", line 657, in <module>
    main()
  File "/home/ymu_google_com/tpu-inference/tpu_inference/kernels/fused_moe/v2/bench_decode.py", line 612, in main
    outs = {name: np.asarray(fn(), np.float32)
                             ^^^^
  File "/home/ymu_google_com/tpu-inference/tpu_inference/kernels/fused_moe/v2/bench_decode.py", line 429, in <lambda>
    return lambda: jitted(*operands)
                   ^^^^^^^^^^^^^^^^^
  File "/home/ymu_google_com/miniconda3/envs/vllm12/lib/python3.12/site-packages/jax/_src/pallas/pallas_call.py", line 980, in _pallas_call_lowering
    return mlir.lower_per_platform(
           ^^^^^^^^^^^^^^^^^^^^^^^^
  File "/home/ymu_google_com/miniconda3/envs/vllm12/lib/python3.12/site-packages/jax/_src/pallas/pallas_call.py", line 904, in tpu_lowering
    return mosaic_tpu_backend.pallas_call_tpu_lowering_rule(
           ^^^^^^^^^^^^^^^^^^^^^^^^^^^^^^^^^^^^^^^^^^^^^^^^^
  File "/home/ymu_google_com/miniconda3/envs/vllm12/lib/python3.12/site-packages/jax/_src/pallas/mosaic/pallas_call_registration.py", line 435, in pallas_call_tpu_lowering_rule
    mosaic_module = lowering.lower_jaxpr_to_pipelined_module(
                    ^^^^^^^^^^^^^^^^^^^^^^^^^^^^^^^^^^^^^^^^^
  File "/home/ymu_google_com/miniconda3/envs/vllm12/lib/python3.12/site-packages/jax/_src/pallas/mosaic/lowering.py", line 1020, in lower_jaxpr_to_pipelined_module
    lower_jaxpr_into_pipelined_module(
  File "/home/ymu_google_com/miniconda3/envs/vllm12/lib/python3.12/site-packages/jax/_src/pallas/mosaic/lowering.py", line 1052, in lower_jaxpr_into_pipelined_module
    raise RuntimeError(
RuntimeError: Pallas TPU requires a recent libtpu version (at least 0.0.44). Found version string:
PJRT C API
TFRT TPU7x
Built on Jun 17 2026 11:08:48 (1781719728) cl/933746096
--------------------
For simplicity, JAX has removed its internal frames from the traceback of the following exception. Set JAX_TRACEBACK_FILTERING=off to include these.
devices=8  T=512 (64/chip)  D=4096  E=512  I=1024  k=10  dtype=bfloat16
weights/device = 1536 MiB
v2 weights: e4m3 + per-channel scales -> 768 MiB/device (+ scales 8.5)
+ exit=1

+ python -m tpu_inference.kernels.fused_moe.v2.bench_decode --wdtype=fp8 --variants=env --iters=10 --warmup=3
WARNING 08-30 20:52:49 [tpu_platform.py:447] Pin memory is not supported on TPU.
/home/ymu_google_com/miniconda3/envs/vllm12/lib/python3.12/site-packages/torch/cuda/__init__.py:1007: UserWarning: Can't initialize NVML
  raw_cnt = _raw_device_count_nvml()
/home/ymu_google_com/miniconda3/envs/vllm12/lib/python3.12/site-packages/torch/cuda/__init__.py:1007: UserWarning: Can't initialize NVML
  raw_cnt = _raw_device_count_nvml()
INFO 08-30 20:52:52 [importing.py:53] Triton is installed but 0 active driver(s) found (expected 1). Disabling Triton to prevent runtime errors.
INFO 08-30 20:52:52 [importing.py:88] Triton not installed or not compatible; certain GPU-related functions will not be available.
INFO 08-30 20:52:52 [__init__.py:76] TPU info: node_name=cuiq-infer-tpu7x-8-3 | tpu_type=tpu7x-8 | worker_id=0 | num_chips=8 | num_cores_per_chip=2
devices=8  T=512 (64/chip)  D=4096  E=512  I=1024  k=10  dtype=bfloat16
weights/device = 1536 MiB
v2 weights: e4m3 + per-channel scales -> 768 MiB/device (+ scales 8.5)
max|v2_envelope_rs - v2_dispatch_only| = 1.256e+01

variant                              min us  median us
v2_dispatch_only                      362.4      378.0
v2_envelope_rs                        397.1      423.0
+ exit=0

+ python -m tpu_inference.kernels.fused_moe.v2.bench_decode --wdtype=fp8 --variants=v02 --iters=10 --warmup=3 --be=4 --bg=4 --capacity=32 --bd1c=256 --bd2c=128 --bcT=256 --ablate=none
WARNING 08-30 20:54:26 [tpu_platform.py:447] Pin memory is not supported on TPU.
/home/ymu_google_com/miniconda3/envs/vllm12/lib/python3.12/site-packages/torch/cuda/__init__.py:1007: UserWarning: Can't initialize NVML
  raw_cnt = _raw_device_count_nvml()
/home/ymu_google_com/miniconda3/envs/vllm12/lib/python3.12/site-packages/torch/cuda/__init__.py:1007: UserWarning: Can't initialize NVML
  raw_cnt = _raw_device_count_nvml()
INFO 08-30 20:54:29 [importing.py:53] Triton is installed but 0 active driver(s) found (expected 1). Disabling Triton to prevent runtime errors.
INFO 08-30 20:54:29 [importing.py:88] Triton not installed or not compatible; certain GPU-related functions will not be available.
INFO 08-30 20:54:30 [__init__.py:76] TPU info: node_name=cuiq-infer-tpu7x-8-3 | tpu_type=tpu7x-8 | worker_id=0 | num_chips=8 | num_cores_per_chip=2
Traceback (most recent call last):
  File "/home/ymu_google_com/tpu-inference/tpu_inference/kernels/fused_moe/v2/decode_kernel.py", line 1425, in fused_moe_decode_tp_fused
    out = pl.pallas_call(
jax._src.source_info_util.JaxStackTraceBeforeTransformation: RuntimeError: Pallas TPU requires a recent libtpu version (at least 0.0.44). Found version string:
PJRT C API
TFRT TPU7x
Built on Jun 17 2026 11:08:48 (1781719728) cl/933746096

The preceding stack trace is the source of the JAX operation that, once transformed by JAX, triggered the following exception.

--------------------

The above exception was the direct cause of the following exception:

Traceback (most recent call last):
  File "<frozen runpy>", line 198, in _run_module_as_main
  File "<frozen runpy>", line 88, in _run_code
  File "/home/ymu_google_com/tpu-inference/tpu_inference/kernels/fused_moe/v2/bench_decode.py", line 657, in <module>
    main()
  File "/home/ymu_google_com/tpu-inference/tpu_inference/kernels/fused_moe/v2/bench_decode.py", line 612, in main
    outs = {name: np.asarray(fn(), np.float32)
                             ^^^^
  File "/home/ymu_google_com/tpu-inference/tpu_inference/kernels/fused_moe/v2/bench_decode.py", line 429, in <lambda>
    return lambda: jitted(*operands)
                   ^^^^^^^^^^^^^^^^^
  File "/home/ymu_google_com/miniconda3/envs/vllm12/lib/python3.12/site-packages/jax/_src/pallas/pallas_call.py", line 980, in _pallas_call_lowering
    return mlir.lower_per_platform(
           ^^^^^^^^^^^^^^^^^^^^^^^^
  File "/home/ymu_google_com/miniconda3/envs/vllm12/lib/python3.12/site-packages/jax/_src/pallas/pallas_call.py", line 904, in tpu_lowering
    return mosaic_tpu_backend.pallas_call_tpu_lowering_rule(
           ^^^^^^^^^^^^^^^^^^^^^^^^^^^^^^^^^^^^^^^^^^^^^^^^^
  File "/home/ymu_google_com/miniconda3/envs/vllm12/lib/python3.12/site-packages/jax/_src/pallas/mosaic/pallas_call_registration.py", line 435, in pallas_call_tpu_lowering_rule
    mosaic_module = lowering.lower_jaxpr_to_pipelined_module(
                    ^^^^^^^^^^^^^^^^^^^^^^^^^^^^^^^^^^^^^^^^^
  File "/home/ymu_google_com/miniconda3/envs/vllm12/lib/python3.12/site-packages/jax/_src/pallas/mosaic/lowering.py", line 1020, in lower_jaxpr_to_pipelined_module
    lower_jaxpr_into_pipelined_module(
  File "/home/ymu_google_com/miniconda3/envs/vllm12/lib/python3.12/site-packages/jax/_src/pallas/mosaic/lowering.py", line 1052, in lower_jaxpr_into_pipelined_module
    raise RuntimeError(
RuntimeError: Pallas TPU requires a recent libtpu version (at least 0.0.44). Found version string:
PJRT C API
TFRT TPU7x
Built on Jun 17 2026 11:08:48 (1781719728) cl/933746096
--------------------
For simplicity, JAX has removed its internal frames from the traceback of the following exception. Set JAX_TRACEBACK_FILTERING=off to include these.
devices=8  T=512 (64/chip)  D=4096  E=512  I=1024  k=10  dtype=bfloat16
weights/device = 1536 MiB
v2 weights: e4m3 + per-channel scales -> 768 MiB/device (+ scales 8.5)
+ exit=1

+ python -m tpu_inference.kernels.fused_moe.v2.bench_decode --wdtype=fp8 --variants=v02 --iters=10 --warmup=3 --be=4 --bg=4 --capacity=32 --bd1c=256 --bd2c=128 --bcT=256 --ablate=masks
WARNING 08-30 20:56:03 [tpu_platform.py:447] Pin memory is not supported on TPU.
/home/ymu_google_com/miniconda3/envs/vllm12/lib/python3.12/site-packages/torch/cuda/__init__.py:1007: UserWarning: Can't initialize NVML
  raw_cnt = _raw_device_count_nvml()
/home/ymu_google_com/miniconda3/envs/vllm12/lib/python3.12/site-packages/torch/cuda/__init__.py:1007: UserWarning: Can't initialize NVML
  raw_cnt = _raw_device_count_nvml()
INFO 08-30 20:56:06 [importing.py:53] Triton is installed but 0 active driver(s) found (expected 1). Disabling Triton to prevent runtime errors.
INFO 08-30 20:56:06 [importing.py:88] Triton not installed or not compatible; certain GPU-related functions will not be available.
INFO 08-30 20:56:06 [__init__.py:76] TPU info: node_name=cuiq-infer-tpu7x-8-3 | tpu_type=tpu7x-8 | worker_id=0 | num_chips=8 | num_cores_per_chip=2
Traceback (most recent call last):
  File "/home/ymu_google_com/tpu-inference/tpu_inference/kernels/fused_moe/v2/decode_kernel.py", line 1425, in fused_moe_decode_tp_fused
    out = pl.pallas_call(
jax._src.source_info_util.JaxStackTraceBeforeTransformation: RuntimeError: Pallas TPU requires a recent libtpu version (at least 0.0.44). Found version string:
PJRT C API
TFRT TPU7x
Built on Jun 17 2026 11:08:48 (1781719728) cl/933746096

The preceding stack trace is the source of the JAX operation that, once transformed by JAX, triggered the following exception.

--------------------

The above exception was the direct cause of the following exception:

Traceback (most recent call last):
  File "<frozen runpy>", line 198, in _run_module_as_main
  File "<frozen runpy>", line 88, in _run_code
  File "/home/ymu_google_com/tpu-inference/tpu_inference/kernels/fused_moe/v2/bench_decode.py", line 657, in <module>
    main()
  File "/home/ymu_google_com/tpu-inference/tpu_inference/kernels/fused_moe/v2/bench_decode.py", line 612, in main
    outs = {name: np.asarray(fn(), np.float32)
                             ^^^^
  File "/home/ymu_google_com/tpu-inference/tpu_inference/kernels/fused_moe/v2/bench_decode.py", line 429, in <lambda>
    return lambda: jitted(*operands)
                   ^^^^^^^^^^^^^^^^^
  File "/home/ymu_google_com/miniconda3/envs/vllm12/lib/python3.12/site-packages/jax/_src/pallas/pallas_call.py", line 980, in _pallas_call_lowering
    return mlir.lower_per_platform(
           ^^^^^^^^^^^^^^^^^^^^^^^^
  File "/home/ymu_google_com/miniconda3/envs/vllm12/lib/python3.12/site-packages/jax/_src/pallas/pallas_call.py", line 904, in tpu_lowering
    return mosaic_tpu_backend.pallas_call_tpu_lowering_rule(
           ^^^^^^^^^^^^^^^^^^^^^^^^^^^^^^^^^^^^^^^^^^^^^^^^^
  File "/home/ymu_google_com/miniconda3/envs/vllm12/lib/python3.12/site-packages/jax/_src/pallas/mosaic/pallas_call_registration.py", line 435, in pallas_call_tpu_lowering_rule
    mosaic_module = lowering.lower_jaxpr_to_pipelined_module(
                    ^^^^^^^^^^^^^^^^^^^^^^^^^^^^^^^^^^^^^^^^^
  File "/home/ymu_google_com/miniconda3/envs/vllm12/lib/python3.12/site-packages/jax/_src/pallas/mosaic/lowering.py", line 1020, in lower_jaxpr_to_pipelined_module
    lower_jaxpr_into_pipelined_module(
  File "/home/ymu_google_com/miniconda3/envs/vllm12/lib/python3.12/site-packages/jax/_src/pallas/mosaic/lowering.py", line 1052, in lower_jaxpr_into_pipelined_module
    raise RuntimeError(
RuntimeError: Pallas TPU requires a recent libtpu version (at least 0.0.44). Found version string:
PJRT C API
TFRT TPU7x
Built on Jun 17 2026 11:08:48 (1781719728) cl/933746096
--------------------
For simplicity, JAX has removed its internal frames from the traceback of the following exception. Set JAX_TRACEBACK_FILTERING=off to include these.
devices=8  T=512 (64/chip)  D=4096  E=512  I=1024  k=10  dtype=bfloat16
weights/device = 1536 MiB
v2 weights: e4m3 + per-channel scales -> 768 MiB/device (+ scales 8.5)
+ exit=1

+ python -m tpu_inference.kernels.fused_moe.v2.bench_decode --wdtype=fp8 --variants=v02 --iters=10 --warmup=3 --be=4 --bg=4 --capacity=32 --bd1c=256 --bd2c=128 --bcT=256 --ablate=gather
WARNING 08-30 20:57:40 [tpu_platform.py:447] Pin memory is not supported on TPU.
/home/ymu_google_com/miniconda3/envs/vllm12/lib/python3.12/site-packages/torch/cuda/__init__.py:1007: UserWarning: Can't initialize NVML
  raw_cnt = _raw_device_count_nvml()
/home/ymu_google_com/miniconda3/envs/vllm12/lib/python3.12/site-packages/torch/cuda/__init__.py:1007: UserWarning: Can't initialize NVML
  raw_cnt = _raw_device_count_nvml()
INFO 08-30 20:57:44 [importing.py:53] Triton is installed but 0 active driver(s) found (expected 1). Disabling Triton to prevent runtime errors.
INFO 08-30 20:57:44 [importing.py:88] Triton not installed or not compatible; certain GPU-related functions will not be available.
INFO 08-30 20:57:44 [__init__.py:76] TPU info: node_name=cuiq-infer-tpu7x-8-3 | tpu_type=tpu7x-8 | worker_id=0 | num_chips=8 | num_cores_per_chip=2
Traceback (most recent call last):
  File "/home/ymu_google_com/tpu-inference/tpu_inference/kernels/fused_moe/v2/decode_kernel.py", line 1425, in fused_moe_decode_tp_fused
    out = pl.pallas_call(
jax._src.source_info_util.JaxStackTraceBeforeTransformation: RuntimeError: Pallas TPU requires a recent libtpu version (at least 0.0.44). Found version string:
PJRT C API
TFRT TPU7x
Built on Jun 17 2026 11:08:48 (1781719728) cl/933746096

The preceding stack trace is the source of the JAX operation that, once transformed by JAX, triggered the following exception.

--------------------

The above exception was the direct cause of the following exception:

Traceback (most recent call last):
  File "<frozen runpy>", line 198, in _run_module_as_main
  File "<frozen runpy>", line 88, in _run_code
  File "/home/ymu_google_com/tpu-inference/tpu_inference/kernels/fused_moe/v2/bench_decode.py", line 657, in <module>
    main()
  File "/home/ymu_google_com/tpu-inference/tpu_inference/kernels/fused_moe/v2/bench_decode.py", line 612, in main
    outs = {name: np.asarray(fn(), np.float32)
                             ^^^^
  File "/home/ymu_google_com/tpu-inference/tpu_inference/kernels/fused_moe/v2/bench_decode.py", line 429, in <lambda>
    return lambda: jitted(*operands)
                   ^^^^^^^^^^^^^^^^^
  File "/home/ymu_google_com/miniconda3/envs/vllm12/lib/python3.12/site-packages/jax/_src/pallas/pallas_call.py", line 980, in _pallas_call_lowering
    return mlir.lower_per_platform(
           ^^^^^^^^^^^^^^^^^^^^^^^^
  File "/home/ymu_google_com/miniconda3/envs/vllm12/lib/python3.12/site-packages/jax/_src/pallas/pallas_call.py", line 904, in tpu_lowering
    return mosaic_tpu_backend.pallas_call_tpu_lowering_rule(
           ^^^^^^^^^^^^^^^^^^^^^^^^^^^^^^^^^^^^^^^^^^^^^^^^^
  File "/home/ymu_google_com/miniconda3/envs/vllm12/lib/python3.12/site-packages/jax/_src/pallas/mosaic/pallas_call_registration.py", line 435, in pallas_call_tpu_lowering_rule
    mosaic_module = lowering.lower_jaxpr_to_pipelined_module(
                    ^^^^^^^^^^^^^^^^^^^^^^^^^^^^^^^^^^^^^^^^^
  File "/home/ymu_google_com/miniconda3/envs/vllm12/lib/python3.12/site-packages/jax/_src/pallas/mosaic/lowering.py", line 1020, in lower_jaxpr_to_pipelined_module
    lower_jaxpr_into_pipelined_module(
  File "/home/ymu_google_com/miniconda3/envs/vllm12/lib/python3.12/site-packages/jax/_src/pallas/mosaic/lowering.py", line 1052, in lower_jaxpr_into_pipelined_module
    raise RuntimeError(
RuntimeError: Pallas TPU requires a recent libtpu version (at least 0.0.44). Found version string:
PJRT C API
TFRT TPU7x
Built on Jun 17 2026 11:08:48 (1781719728) cl/933746096
--------------------
For simplicity, JAX has removed its internal frames from the traceback of the following exception. Set JAX_TRACEBACK_FILTERING=off to include these.
devices=8  T=512 (64/chip)  D=4096  E=512  I=1024  k=10  dtype=bfloat16
weights/device = 1536 MiB
v2 weights: e4m3 + per-channel scales -> 768 MiB/device (+ scales 8.5)
+ exit=1

+ python -m tpu_inference.kernels.fused_moe.v2.bench_decode --wdtype=fp8 --variants=v02 --iters=10 --warmup=3 --be=4 --bg=4 --capacity=32 --bd1c=256 --bd2c=128 --bcT=256 --ablate=ffn
WARNING 08-30 20:59:17 [tpu_platform.py:447] Pin memory is not supported on TPU.
/home/ymu_google_com/miniconda3/envs/vllm12/lib/python3.12/site-packages/torch/cuda/__init__.py:1007: UserWarning: Can't initialize NVML
  raw_cnt = _raw_device_count_nvml()
/home/ymu_google_com/miniconda3/envs/vllm12/lib/python3.12/site-packages/torch/cuda/__init__.py:1007: UserWarning: Can't initialize NVML
  raw_cnt = _raw_device_count_nvml()
INFO 08-30 20:59:21 [importing.py:53] Triton is installed but 0 active driver(s) found (expected 1). Disabling Triton to prevent runtime errors.
INFO 08-30 20:59:21 [importing.py:88] Triton not installed or not compatible; certain GPU-related functions will not be available.
INFO 08-30 20:59:21 [__init__.py:76] TPU info: node_name=cuiq-infer-tpu7x-8-3 | tpu_type=tpu7x-8 | worker_id=0 | num_chips=8 | num_cores_per_chip=2
Traceback (most recent call last):
  File "/home/ymu_google_com/tpu-inference/tpu_inference/kernels/fused_moe/v2/decode_kernel.py", line 1425, in fused_moe_decode_tp_fused
    out = pl.pallas_call(
jax._src.source_info_util.JaxStackTraceBeforeTransformation: RuntimeError: Pallas TPU requires a recent libtpu version (at least 0.0.44). Found version string:
PJRT C API
TFRT TPU7x
Built on Jun 17 2026 11:08:48 (1781719728) cl/933746096

The preceding stack trace is the source of the JAX operation that, once transformed by JAX, triggered the following exception.

--------------------

The above exception was the direct cause of the following exception:

Traceback (most recent call last):
  File "<frozen runpy>", line 198, in _run_module_as_main
  File "<frozen runpy>", line 88, in _run_code
  File "/home/ymu_google_com/tpu-inference/tpu_inference/kernels/fused_moe/v2/bench_decode.py", line 657, in <module>
    main()
  File "/home/ymu_google_com/tpu-inference/tpu_inference/kernels/fused_moe/v2/bench_decode.py", line 612, in main
    outs = {name: np.asarray(fn(), np.float32)
                             ^^^^
  File "/home/ymu_google_com/tpu-inference/tpu_inference/kernels/fused_moe/v2/bench_decode.py", line 429, in <lambda>
    return lambda: jitted(*operands)
                   ^^^^^^^^^^^^^^^^^
  File "/home/ymu_google_com/miniconda3/envs/vllm12/lib/python3.12/site-packages/jax/_src/pallas/pallas_call.py", line 980, in _pallas_call_lowering
    return mlir.lower_per_platform(
           ^^^^^^^^^^^^^^^^^^^^^^^^
  File "/home/ymu_google_com/miniconda3/envs/vllm12/lib/python3.12/site-packages/jax/_src/pallas/pallas_call.py", line 904, in tpu_lowering
    return mosaic_tpu_backend.pallas_call_tpu_lowering_rule(
           ^^^^^^^^^^^^^^^^^^^^^^^^^^^^^^^^^^^^^^^^^^^^^^^^^
  File "/home/ymu_google_com/miniconda3/envs/vllm12/lib/python3.12/site-packages/jax/_src/pallas/mosaic/pallas_call_registration.py", line 435, in pallas_call_tpu_lowering_rule
    mosaic_module = lowering.lower_jaxpr_to_pipelined_module(
                    ^^^^^^^^^^^^^^^^^^^^^^^^^^^^^^^^^^^^^^^^^
  File "/home/ymu_google_com/miniconda3/envs/vllm12/lib/python3.12/site-packages/jax/_src/pallas/mosaic/lowering.py", line 1020, in lower_jaxpr_to_pipelined_module
    lower_jaxpr_into_pipelined_module(
  File "/home/ymu_google_com/miniconda3/envs/vllm12/lib/python3.12/site-packages/jax/_src/pallas/mosaic/lowering.py", line 1052, in lower_jaxpr_into_pipelined_module
    raise RuntimeError(
RuntimeError: Pallas TPU requires a recent libtpu version (at least 0.0.44). Found version string:
PJRT C API
TFRT TPU7x
Built on Jun 17 2026 11:08:48 (1781719728) cl/933746096
--------------------
For simplicity, JAX has removed its internal frames from the traceback of the following exception. Set JAX_TRACEBACK_FILTERING=off to include these.
devices=8  T=512 (64/chip)  D=4096  E=512  I=1024  k=10  dtype=bfloat16
weights/device = 1536 MiB
v2 weights: e4m3 + per-channel scales -> 768 MiB/device (+ scales 8.5)
+ exit=1

+ python -m tpu_inference.kernels.fused_moe.v2.bench_decode --wdtype=fp8 --variants=v02 --iters=10 --warmup=3 --be=4 --bg=4 --capacity=32 --bd1c=256 --bd2c=128 --bcT=256 --ablate=combine
WARNING 08-30 21:00:54 [tpu_platform.py:447] Pin memory is not supported on TPU.
/home/ymu_google_com/miniconda3/envs/vllm12/lib/python3.12/site-packages/torch/cuda/__init__.py:1007: UserWarning: Can't initialize NVML
  raw_cnt = _raw_device_count_nvml()
/home/ymu_google_com/miniconda3/envs/vllm12/lib/python3.12/site-packages/torch/cuda/__init__.py:1007: UserWarning: Can't initialize NVML
  raw_cnt = _raw_device_count_nvml()
INFO 08-30 21:00:58 [importing.py:53] Triton is installed but 0 active driver(s) found (expected 1). Disabling Triton to prevent runtime errors.
INFO 08-30 21:00:58 [importing.py:88] Triton not installed or not compatible; certain GPU-related functions will not be available.
INFO 08-30 21:00:58 [__init__.py:76] TPU info: node_name=cuiq-infer-tpu7x-8-3 | tpu_type=tpu7x-8 | worker_id=0 | num_chips=8 | num_cores_per_chip=2
Traceback (most recent call last):
  File "/home/ymu_google_com/tpu-inference/tpu_inference/kernels/fused_moe/v2/decode_kernel.py", line 1425, in fused_moe_decode_tp_fused
    out = pl.pallas_call(
jax._src.source_info_util.JaxStackTraceBeforeTransformation: RuntimeError: Pallas TPU requires a recent libtpu version (at least 0.0.44). Found version string:
PJRT C API
TFRT TPU7x
Built on Jun 17 2026 11:08:48 (1781719728) cl/933746096

The preceding stack trace is the source of the JAX operation that, once transformed by JAX, triggered the following exception.

--------------------

The above exception was the direct cause of the following exception:

Traceback (most recent call last):
  File "<frozen runpy>", line 198, in _run_module_as_main
  File "<frozen runpy>", line 88, in _run_code
  File "/home/ymu_google_com/tpu-inference/tpu_inference/kernels/fused_moe/v2/bench_decode.py", line 657, in <module>
    main()
  File "/home/ymu_google_com/tpu-inference/tpu_inference/kernels/fused_moe/v2/bench_decode.py", line 612, in main
    outs = {name: np.asarray(fn(), np.float32)
                             ^^^^
  File "/home/ymu_google_com/tpu-inference/tpu_inference/kernels/fused_moe/v2/bench_decode.py", line 429, in <lambda>
    return lambda: jitted(*operands)
                   ^^^^^^^^^^^^^^^^^
  File "/home/ymu_google_com/miniconda3/envs/vllm12/lib/python3.12/site-packages/jax/_src/pallas/pallas_call.py", line 980, in _pallas_call_lowering
    return mlir.lower_per_platform(
           ^^^^^^^^^^^^^^^^^^^^^^^^
  File "/home/ymu_google_com/miniconda3/envs/vllm12/lib/python3.12/site-packages/jax/_src/pallas/pallas_call.py", line 904, in tpu_lowering
    return mosaic_tpu_backend.pallas_call_tpu_lowering_rule(
           ^^^^^^^^^^^^^^^^^^^^^^^^^^^^^^^^^^^^^^^^^^^^^^^^^
  File "/home/ymu_google_com/miniconda3/envs/vllm12/lib/python3.12/site-packages/jax/_src/pallas/mosaic/pallas_call_registration.py", line 435, in pallas_call_tpu_lowering_rule
    mosaic_module = lowering.lower_jaxpr_to_pipelined_module(
                    ^^^^^^^^^^^^^^^^^^^^^^^^^^^^^^^^^^^^^^^^^
  File "/home/ymu_google_com/miniconda3/envs/vllm12/lib/python3.12/site-packages/jax/_src/pallas/mosaic/lowering.py", line 1020, in lower_jaxpr_to_pipelined_module
    lower_jaxpr_into_pipelined_module(
  File "/home/ymu_google_com/miniconda3/envs/vllm12/lib/python3.12/site-packages/jax/_src/pallas/mosaic/lowering.py", line 1052, in lower_jaxpr_into_pipelined_module
    raise RuntimeError(
RuntimeError: Pallas TPU requires a recent libtpu version (at least 0.0.44). Found version string:
PJRT C API
TFRT TPU7x
Built on Jun 17 2026 11:08:48 (1781719728) cl/933746096
--------------------
For simplicity, JAX has removed its internal frames from the traceback of the following exception. Set JAX_TRACEBACK_FILTERING=off to include these.
devices=8  T=512 (64/chip)  D=4096  E=512  I=1024  k=10  dtype=bfloat16
weights/device = 1536 MiB
v2 weights: e4m3 + per-channel scales -> 768 MiB/device (+ scales 8.5)
+ exit=1

+ python -m tpu_inference.kernels.fused_moe.v2.bench_decode --wdtype=fp8 --variants=v02 --iters=10 --warmup=3 --be=4 --bg=4 --capacity=32 --bd1c=256 --bd2c=128 --bcT=256 --ablate=weights
WARNING 08-30 21:02:32 [tpu_platform.py:447] Pin memory is not supported on TPU.
/home/ymu_google_com/miniconda3/envs/vllm12/lib/python3.12/site-packages/torch/cuda/__init__.py:1007: UserWarning: Can't initialize NVML
  raw_cnt = _raw_device_count_nvml()
/home/ymu_google_com/miniconda3/envs/vllm12/lib/python3.12/site-packages/torch/cuda/__init__.py:1007: UserWarning: Can't initialize NVML
  raw_cnt = _raw_device_count_nvml()
INFO 08-30 21:02:35 [importing.py:53] Triton is installed but 0 active driver(s) found (expected 1). Disabling Triton to prevent runtime errors.
INFO 08-30 21:02:35 [importing.py:88] Triton not installed or not compatible; certain GPU-related functions will not be available.
INFO 08-30 21:02:35 [__init__.py:76] TPU info: node_name=cuiq-infer-tpu7x-8-3 | tpu_type=tpu7x-8 | worker_id=0 | num_chips=8 | num_cores_per_chip=2
Traceback (most recent call last):
  File "/home/ymu_google_com/tpu-inference/tpu_inference/kernels/fused_moe/v2/decode_kernel.py", line 1425, in fused_moe_decode_tp_fused
    out = pl.pallas_call(
jax._src.source_info_util.JaxStackTraceBeforeTransformation: RuntimeError: Pallas TPU requires a recent libtpu version (at least 0.0.44). Found version string:
PJRT C API
TFRT TPU7x
Built on Jun 17 2026 11:08:48 (1781719728) cl/933746096

The preceding stack trace is the source of the JAX operation that, once transformed by JAX, triggered the following exception.

--------------------

The above exception was the direct cause of the following exception:

Traceback (most recent call last):
  File "<frozen runpy>", line 198, in _run_module_as_main
  File "<frozen runpy>", line 88, in _run_code
  File "/home/ymu_google_com/tpu-inference/tpu_inference/kernels/fused_moe/v2/bench_decode.py", line 657, in <module>
    main()
  File "/home/ymu_google_com/tpu-inference/tpu_inference/kernels/fused_moe/v2/bench_decode.py", line 612, in main
    outs = {name: np.asarray(fn(), np.float32)
                             ^^^^
  File "/home/ymu_google_com/tpu-inference/tpu_inference/kernels/fused_moe/v2/bench_decode.py", line 429, in <lambda>
    return lambda: jitted(*operands)
                   ^^^^^^^^^^^^^^^^^
  File "/home/ymu_google_com/miniconda3/envs/vllm12/lib/python3.12/site-packages/jax/_src/pallas/pallas_call.py", line 980, in _pallas_call_lowering
    return mlir.lower_per_platform(
           ^^^^^^^^^^^^^^^^^^^^^^^^
  File "/home/ymu_google_com/miniconda3/envs/vllm12/lib/python3.12/site-packages/jax/_src/pallas/pallas_call.py", line 904, in tpu_lowering
    return mosaic_tpu_backend.pallas_call_tpu_lowering_rule(
           ^^^^^^^^^^^^^^^^^^^^^^^^^^^^^^^^^^^^^^^^^^^^^^^^^
  File "/home/ymu_google_com/miniconda3/envs/vllm12/lib/python3.12/site-packages/jax/_src/pallas/mosaic/pallas_call_registration.py", line 435, in pallas_call_tpu_lowering_rule
    mosaic_module = lowering.lower_jaxpr_to_pipelined_module(
                    ^^^^^^^^^^^^^^^^^^^^^^^^^^^^^^^^^^^^^^^^^
  File "/home/ymu_google_com/miniconda3/envs/vllm12/lib/python3.12/site-packages/jax/_src/pallas/mosaic/lowering.py", line 1020, in lower_jaxpr_to_pipelined_module
    lower_jaxpr_into_pipelined_module(
  File "/home/ymu_google_com/miniconda3/envs/vllm12/lib/python3.12/site-packages/jax/_src/pallas/mosaic/lowering.py", line 1052, in lower_jaxpr_into_pipelined_module
    raise RuntimeError(
RuntimeError: Pallas TPU requires a recent libtpu version (at least 0.0.44). Found version string:
PJRT C API
TFRT TPU7x
Built on Jun 17 2026 11:08:48 (1781719728) cl/933746096
--------------------
For simplicity, JAX has removed its internal frames from the traceback of the following exception. Set JAX_TRACEBACK_FILTERING=off to include these.
devices=8  T=512 (64/chip)  D=4096  E=512  I=1024  k=10  dtype=bfloat16
weights/device = 1536 MiB
v2 weights: e4m3 + per-channel scales -> 768 MiB/device (+ scales 8.5)
+ exit=1

+ python -m tpu_inference.kernels.fused_moe.v2.bench_decode --wdtype=fp8 --variants=v02 --iters=10 --warmup=3 --be=4 --bg=4 --capacity=32 --bd1c=256 --bd2c=128 --bcT=256 --ablate=routing
WARNING 08-30 21:04:08 [tpu_platform.py:447] Pin memory is not supported on TPU.
/home/ymu_google_com/miniconda3/envs/vllm12/lib/python3.12/site-packages/torch/cuda/__init__.py:1007: UserWarning: Can't initialize NVML
  raw_cnt = _raw_device_count_nvml()
/home/ymu_google_com/miniconda3/envs/vllm12/lib/python3.12/site-packages/torch/cuda/__init__.py:1007: UserWarning: Can't initialize NVML
  raw_cnt = _raw_device_count_nvml()
INFO 08-30 21:04:12 [importing.py:53] Triton is installed but 0 active driver(s) found (expected 1). Disabling Triton to prevent runtime errors.
INFO 08-30 21:04:12 [importing.py:88] Triton not installed or not compatible; certain GPU-related functions will not be available.
INFO 08-30 21:04:12 [__init__.py:76] TPU info: node_name=cuiq-infer-tpu7x-8-3 | tpu_type=tpu7x-8 | worker_id=0 | num_chips=8 | num_cores_per_chip=2
Traceback (most recent call last):
  File "/home/ymu_google_com/tpu-inference/tpu_inference/kernels/fused_moe/v2/decode_kernel.py", line 1425, in fused_moe_decode_tp_fused
    out = pl.pallas_call(
jax._src.source_info_util.JaxStackTraceBeforeTransformation: RuntimeError: Pallas TPU requires a recent libtpu version (at least 0.0.44). Found version string:
PJRT C API
TFRT TPU7x
Built on Jun 17 2026 11:08:48 (1781719728) cl/933746096

The preceding stack trace is the source of the JAX operation that, once transformed by JAX, triggered the following exception.

--------------------

The above exception was the direct cause of the following exception:

Traceback (most recent call last):
  File "<frozen runpy>", line 198, in _run_module_as_main
  File "<frozen runpy>", line 88, in _run_code
  File "/home/ymu_google_com/tpu-inference/tpu_inference/kernels/fused_moe/v2/bench_decode.py", line 657, in <module>
    main()
  File "/home/ymu_google_com/tpu-inference/tpu_inference/kernels/fused_moe/v2/bench_decode.py", line 612, in main
    outs = {name: np.asarray(fn(), np.float32)
                             ^^^^
  File "/home/ymu_google_com/tpu-inference/tpu_inference/kernels/fused_moe/v2/bench_decode.py", line 429, in <lambda>
    return lambda: jitted(*operands)
                   ^^^^^^^^^^^^^^^^^
  File "/home/ymu_google_com/miniconda3/envs/vllm12/lib/python3.12/site-packages/jax/_src/pallas/pallas_call.py", line 980, in _pallas_call_lowering
    return mlir.lower_per_platform(
           ^^^^^^^^^^^^^^^^^^^^^^^^
  File "/home/ymu_google_com/miniconda3/envs/vllm12/lib/python3.12/site-packages/jax/_src/pallas/pallas_call.py", line 904, in tpu_lowering
    return mosaic_tpu_backend.pallas_call_tpu_lowering_rule(
           ^^^^^^^^^^^^^^^^^^^^^^^^^^^^^^^^^^^^^^^^^^^^^^^^^
  File "/home/ymu_google_com/miniconda3/envs/vllm12/lib/python3.12/site-packages/jax/_src/pallas/mosaic/pallas_call_registration.py", line 435, in pallas_call_tpu_lowering_rule
    mosaic_module = lowering.lower_jaxpr_to_pipelined_module(
                    ^^^^^^^^^^^^^^^^^^^^^^^^^^^^^^^^^^^^^^^^^
  File "/home/ymu_google_com/miniconda3/envs/vllm12/lib/python3.12/site-packages/jax/_src/pallas/mosaic/lowering.py", line 1020, in lower_jaxpr_to_pipelined_module
    lower_jaxpr_into_pipelined_module(
  File "/home/ymu_google_com/miniconda3/envs/vllm12/lib/python3.12/site-packages/jax/_src/pallas/mosaic/lowering.py", line 1052, in lower_jaxpr_into_pipelined_module
    raise RuntimeError(
RuntimeError: Pallas TPU requires a recent libtpu version (at least 0.0.44). Found version string:
PJRT C API
TFRT TPU7x
Built on Jun 17 2026 11:08:48 (1781719728) cl/933746096
--------------------
For simplicity, JAX has removed its internal frames from the traceback of the following exception. Set JAX_TRACEBACK_FILTERING=off to include these.
devices=8  T=512 (64/chip)  D=4096  E=512  I=1024  k=10  dtype=bfloat16
weights/device = 1536 MiB
v2 weights: e4m3 + per-channel scales -> 768 MiB/device (+ scales 8.5)
+ exit=1

+ python -m tpu_inference.kernels.fused_moe.v2.bench_decode --wdtype=fp8 --variants=v02 --iters=10 --warmup=3 --be=4 --bg=4 --capacity=32 --bd1c=256 --bd2c=128 --bcT=256 --ablate=ag
WARNING 08-30 21:05:45 [tpu_platform.py:447] Pin memory is not supported on TPU.
/home/ymu_google_com/miniconda3/envs/vllm12/lib/python3.12/site-packages/torch/cuda/__init__.py:1007: UserWarning: Can't initialize NVML
  raw_cnt = _raw_device_count_nvml()
/home/ymu_google_com/miniconda3/envs/vllm12/lib/python3.12/site-packages/torch/cuda/__init__.py:1007: UserWarning: Can't initialize NVML
  raw_cnt = _raw_device_count_nvml()
INFO 08-30 21:05:49 [importing.py:53] Triton is installed but 0 active driver(s) found (expected 1). Disabling Triton to prevent runtime errors.
INFO 08-30 21:05:49 [importing.py:88] Triton not installed or not compatible; certain GPU-related functions will not be available.
INFO 08-30 21:05:49 [__init__.py:76] TPU info: node_name=cuiq-infer-tpu7x-8-3 | tpu_type=tpu7x-8 | worker_id=0 | num_chips=8 | num_cores_per_chip=2
Traceback (most recent call last):
  File "/home/ymu_google_com/tpu-inference/tpu_inference/kernels/fused_moe/v2/decode_kernel.py", line 1425, in fused_moe_decode_tp_fused
    out = pl.pallas_call(
jax._src.source_info_util.JaxStackTraceBeforeTransformation: RuntimeError: Pallas TPU requires a recent libtpu version (at least 0.0.44). Found version string:
PJRT C API
TFRT TPU7x
Built on Jun 17 2026 11:08:48 (1781719728) cl/933746096

The preceding stack trace is the source of the JAX operation that, once transformed by JAX, triggered the following exception.

--------------------

The above exception was the direct cause of the following exception:

Traceback (most recent call last):
  File "<frozen runpy>", line 198, in _run_module_as_main
  File "<frozen runpy>", line 88, in _run_code
  File "/home/ymu_google_com/tpu-inference/tpu_inference/kernels/fused_moe/v2/bench_decode.py", line 657, in <module>
    main()
  File "/home/ymu_google_com/tpu-inference/tpu_inference/kernels/fused_moe/v2/bench_decode.py", line 612, in main
    outs = {name: np.asarray(fn(), np.float32)
                             ^^^^
  File "/home/ymu_google_com/tpu-inference/tpu_inference/kernels/fused_moe/v2/bench_decode.py", line 429, in <lambda>
    return lambda: jitted(*operands)
                   ^^^^^^^^^^^^^^^^^
  File "/home/ymu_google_com/miniconda3/envs/vllm12/lib/python3.12/site-packages/jax/_src/pallas/pallas_call.py", line 980, in _pallas_call_lowering
    return mlir.lower_per_platform(
           ^^^^^^^^^^^^^^^^^^^^^^^^
  File "/home/ymu_google_com/miniconda3/envs/vllm12/lib/python3.12/site-packages/jax/_src/pallas/pallas_call.py", line 904, in tpu_lowering
    return mosaic_tpu_backend.pallas_call_tpu_lowering_rule(
           ^^^^^^^^^^^^^^^^^^^^^^^^^^^^^^^^^^^^^^^^^^^^^^^^^
  File "/home/ymu_google_com/miniconda3/envs/vllm12/lib/python3.12/site-packages/jax/_src/pallas/mosaic/pallas_call_registration.py", line 435, in pallas_call_tpu_lowering_rule
    mosaic_module = lowering.lower_jaxpr_to_pipelined_module(
                    ^^^^^^^^^^^^^^^^^^^^^^^^^^^^^^^^^^^^^^^^^
  File "/home/ymu_google_com/miniconda3/envs/vllm12/lib/python3.12/site-packages/jax/_src/pallas/mosaic/lowering.py", line 1020, in lower_jaxpr_to_pipelined_module
    lower_jaxpr_into_pipelined_module(
  File "/home/ymu_google_com/miniconda3/envs/vllm12/lib/python3.12/site-packages/jax/_src/pallas/mosaic/lowering.py", line 1052, in lower_jaxpr_into_pipelined_module
    raise RuntimeError(
RuntimeError: Pallas TPU requires a recent libtpu version (at least 0.0.44). Found version string:
PJRT C API
TFRT TPU7x
Built on Jun 17 2026 11:08:48 (1781719728) cl/933746096
--------------------
For simplicity, JAX has removed its internal frames from the traceback of the following exception. Set JAX_TRACEBACK_FILTERING=off to include these.
devices=8  T=512 (64/chip)  D=4096  E=512  I=1024  k=10  dtype=bfloat16
weights/device = 1536 MiB
v2 weights: e4m3 + per-channel scales -> 768 MiB/device (+ scales 8.5)
+ exit=1

+ python -m tpu_inference.kernels.fused_moe.v2.bench_decode --wdtype=fp8 --variants=v02 --iters=10 --warmup=3 --be=4 --bg=4 --capacity=32 --bd1c=256 --bd2c=128 --bcT=256 --ablate=quant
WARNING 08-30 21:07:24 [tpu_platform.py:447] Pin memory is not supported on TPU.
/home/ymu_google_com/miniconda3/envs/vllm12/lib/python3.12/site-packages/torch/cuda/__init__.py:1007: UserWarning: Can't initialize NVML
  raw_cnt = _raw_device_count_nvml()
/home/ymu_google_com/miniconda3/envs/vllm12/lib/python3.12/site-packages/torch/cuda/__init__.py:1007: UserWarning: Can't initialize NVML
  raw_cnt = _raw_device_count_nvml()
INFO 08-30 21:07:28 [importing.py:53] Triton is installed but 0 active driver(s) found (expected 1). Disabling Triton to prevent runtime errors.
INFO 08-30 21:07:28 [importing.py:88] Triton not installed or not compatible; certain GPU-related functions will not be available.
INFO 08-30 21:07:28 [__init__.py:76] TPU info: node_name=cuiq-infer-tpu7x-8-3 | tpu_type=tpu7x-8 | worker_id=0 | num_chips=8 | num_cores_per_chip=2
Traceback (most recent call last):
  File "/home/ymu_google_com/tpu-inference/tpu_inference/kernels/fused_moe/v2/decode_kernel.py", line 1425, in fused_moe_decode_tp_fused
    out = pl.pallas_call(
jax._src.source_info_util.JaxStackTraceBeforeTransformation: RuntimeError: Pallas TPU requires a recent libtpu version (at least 0.0.44). Found version string:
PJRT C API
TFRT TPU7x
Built on Jun 17 2026 11:08:48 (1781719728) cl/933746096

The preceding stack trace is the source of the JAX operation that, once transformed by JAX, triggered the following exception.

--------------------

The above exception was the direct cause of the following exception:

Traceback (most recent call last):
  File "<frozen runpy>", line 198, in _run_module_as_main
  File "<frozen runpy>", line 88, in _run_code
  File "/home/ymu_google_com/tpu-inference/tpu_inference/kernels/fused_moe/v2/bench_decode.py", line 657, in <module>
    main()
  File "/home/ymu_google_com/tpu-inference/tpu_inference/kernels/fused_moe/v2/bench_decode.py", line 612, in main
    outs = {name: np.asarray(fn(), np.float32)
                             ^^^^
  File "/home/ymu_google_com/tpu-inference/tpu_inference/kernels/fused_moe/v2/bench_decode.py", line 429, in <lambda>
    return lambda: jitted(*operands)
                   ^^^^^^^^^^^^^^^^^
  File "/home/ymu_google_com/miniconda3/envs/vllm12/lib/python3.12/site-packages/jax/_src/pallas/pallas_call.py", line 980, in _pallas_call_lowering
    return mlir.lower_per_platform(
           ^^^^^^^^^^^^^^^^^^^^^^^^
  File "/home/ymu_google_com/miniconda3/envs/vllm12/lib/python3.12/site-packages/jax/_src/pallas/pallas_call.py", line 904, in tpu_lowering
    return mosaic_tpu_backend.pallas_call_tpu_lowering_rule(
           ^^^^^^^^^^^^^^^^^^^^^^^^^^^^^^^^^^^^^^^^^^^^^^^^^
  File "/home/ymu_google_com/miniconda3/envs/vllm12/lib/python3.12/site-packages/jax/_src/pallas/mosaic/pallas_call_registration.py", line 435, in pallas_call_tpu_lowering_rule
    mosaic_module = lowering.lower_jaxpr_to_pipelined_module(
                    ^^^^^^^^^^^^^^^^^^^^^^^^^^^^^^^^^^^^^^^^^
  File "/home/ymu_google_com/miniconda3/envs/vllm12/lib/python3.12/site-packages/jax/_src/pallas/mosaic/lowering.py", line 1020, in lower_jaxpr_to_pipelined_module
    lower_jaxpr_into_pipelined_module(
  File "/home/ymu_google_com/miniconda3/envs/vllm12/lib/python3.12/site-packages/jax/_src/pallas/mosaic/lowering.py", line 1052, in lower_jaxpr_into_pipelined_module
    raise RuntimeError(
RuntimeError: Pallas TPU requires a recent libtpu version (at least 0.0.44). Found version string:
PJRT C API
TFRT TPU7x
Built on Jun 17 2026 11:08:48 (1781719728) cl/933746096
--------------------
For simplicity, JAX has removed its internal frames from the traceback of the following exception. Set JAX_TRACEBACK_FILTERING=off to include these.
devices=8  T=512 (64/chip)  D=4096  E=512  I=1024  k=10  dtype=bfloat16
weights/device = 1536 MiB
v2 weights: e4m3 + per-channel scales -> 768 MiB/device (+ scales 8.5)
+ exit=1

+ python -m tpu_inference.kernels.fused_moe.v2.bench_decode --wdtype=fp8 --variants=v02 --iters=10 --warmup=3 --be=4 --bg=4 --capacity=32 --bd1c=256 --bd2c=128 --bcT=256 --ablate=scales
WARNING 08-30 21:09:02 [tpu_platform.py:447] Pin memory is not supported on TPU.
/home/ymu_google_com/miniconda3/envs/vllm12/lib/python3.12/site-packages/torch/cuda/__init__.py:1007: UserWarning: Can't initialize NVML
  raw_cnt = _raw_device_count_nvml()
/home/ymu_google_com/miniconda3/envs/vllm12/lib/python3.12/site-packages/torch/cuda/__init__.py:1007: UserWarning: Can't initialize NVML
  raw_cnt = _raw_device_count_nvml()
INFO 08-30 21:09:05 [importing.py:53] Triton is installed but 0 active driver(s) found (expected 1). Disabling Triton to prevent runtime errors.
INFO 08-30 21:09:05 [importing.py:88] Triton not installed or not compatible; certain GPU-related functions will not be available.
INFO 08-30 21:09:05 [__init__.py:76] TPU info: node_name=cuiq-infer-tpu7x-8-3 | tpu_type=tpu7x-8 | worker_id=0 | num_chips=8 | num_cores_per_chip=2
Traceback (most recent call last):
  File "/home/ymu_google_com/tpu-inference/tpu_inference/kernels/fused_moe/v2/decode_kernel.py", line 1425, in fused_moe_decode_tp_fused
    out = pl.pallas_call(
jax._src.source_info_util.JaxStackTraceBeforeTransformation: RuntimeError: Pallas TPU requires a recent libtpu version (at least 0.0.44). Found version string:
PJRT C API
TFRT TPU7x
Built on Jun 17 2026 11:08:48 (1781719728) cl/933746096

The preceding stack trace is the source of the JAX operation that, once transformed by JAX, triggered the following exception.

--------------------

The above exception was the direct cause of the following exception:

Traceback (most recent call last):
  File "<frozen runpy>", line 198, in _run_module_as_main
  File "<frozen runpy>", line 88, in _run_code
  File "/home/ymu_google_com/tpu-inference/tpu_inference/kernels/fused_moe/v2/bench_decode.py", line 657, in <module>
    main()
  File "/home/ymu_google_com/tpu-inference/tpu_inference/kernels/fused_moe/v2/bench_decode.py", line 612, in main
    outs = {name: np.asarray(fn(), np.float32)
                             ^^^^
  File "/home/ymu_google_com/tpu-inference/tpu_inference/kernels/fused_moe/v2/bench_decode.py", line 429, in <lambda>
    return lambda: jitted(*operands)
                   ^^^^^^^^^^^^^^^^^
  File "/home/ymu_google_com/miniconda3/envs/vllm12/lib/python3.12/site-packages/jax/_src/pallas/pallas_call.py", line 980, in _pallas_call_lowering
    return mlir.lower_per_platform(
           ^^^^^^^^^^^^^^^^^^^^^^^^
  File "/home/ymu_google_com/miniconda3/envs/vllm12/lib/python3.12/site-packages/jax/_src/pallas/pallas_call.py", line 904, in tpu_lowering
    return mosaic_tpu_backend.pallas_call_tpu_lowering_rule(
           ^^^^^^^^^^^^^^^^^^^^^^^^^^^^^^^^^^^^^^^^^^^^^^^^^
  File "/home/ymu_google_com/miniconda3/envs/vllm12/lib/python3.12/site-packages/jax/_src/pallas/mosaic/pallas_call_registration.py", line 435, in pallas_call_tpu_lowering_rule
    mosaic_module = lowering.lower_jaxpr_to_pipelined_module(
                    ^^^^^^^^^^^^^^^^^^^^^^^^^^^^^^^^^^^^^^^^^
  File "/home/ymu_google_com/miniconda3/envs/vllm12/lib/python3.12/site-packages/jax/_src/pallas/mosaic/lowering.py", line 1020, in lower_jaxpr_to_pipelined_module
    lower_jaxpr_into_pipelined_module(
  File "/home/ymu_google_com/miniconda3/envs/vllm12/lib/python3.12/site-packages/jax/_src/pallas/mosaic/lowering.py", line 1052, in lower_jaxpr_into_pipelined_module
    raise RuntimeError(
RuntimeError: Pallas TPU requires a recent libtpu version (at least 0.0.44). Found version string:
PJRT C API
TFRT TPU7x
Built on Jun 17 2026 11:08:48 (1781719728) cl/933746096
--------------------
For simplicity, JAX has removed its internal frames from the traceback of the following exception. Set JAX_TRACEBACK_FILTERING=off to include these.
devices=8  T=512 (64/chip)  D=4096  E=512  I=1024  k=10  dtype=bfloat16
weights/device = 1536 MiB
v2 weights: e4m3 + per-channel scales -> 768 MiB/device (+ scales 8.5)
+ exit=1

+ python -m tpu_inference.kernels.fused_moe.v2.bench_decode --wdtype=fp8 --variants=v02 --iters=10 --warmup=3 --be=4 --bg=4 --capacity=32 --bd1c=256 --bd2c=128 --bcT=256 --ablate=all
WARNING 08-30 21:10:39 [tpu_platform.py:447] Pin memory is not supported on TPU.
/home/ymu_google_com/miniconda3/envs/vllm12/lib/python3.12/site-packages/torch/cuda/__init__.py:1007: UserWarning: Can't initialize NVML
  raw_cnt = _raw_device_count_nvml()
/home/ymu_google_com/miniconda3/envs/vllm12/lib/python3.12/site-packages/torch/cuda/__init__.py:1007: UserWarning: Can't initialize NVML
  raw_cnt = _raw_device_count_nvml()
INFO 08-30 21:10:42 [importing.py:53] Triton is installed but 0 active driver(s) found (expected 1). Disabling Triton to prevent runtime errors.
INFO 08-30 21:10:42 [importing.py:88] Triton not installed or not compatible; certain GPU-related functions will not be available.
INFO 08-30 21:10:42 [__init__.py:76] TPU info: node_name=cuiq-infer-tpu7x-8-3 | tpu_type=tpu7x-8 | worker_id=0 | num_chips=8 | num_cores_per_chip=2
Traceback (most recent call last):
  File "/home/ymu_google_com/tpu-inference/tpu_inference/kernels/fused_moe/v2/decode_kernel.py", line 1425, in fused_moe_decode_tp_fused
    out = pl.pallas_call(
jax._src.source_info_util.JaxStackTraceBeforeTransformation: RuntimeError: Pallas TPU requires a recent libtpu version (at least 0.0.44). Found version string:
PJRT C API
TFRT TPU7x
Built on Jun 17 2026 11:08:48 (1781719728) cl/933746096

The preceding stack trace is the source of the JAX operation that, once transformed by JAX, triggered the following exception.

--------------------

The above exception was the direct cause of the following exception:

Traceback (most recent call last):
  File "<frozen runpy>", line 198, in _run_module_as_main
  File "<frozen runpy>", line 88, in _run_code
  File "/home/ymu_google_com/tpu-inference/tpu_inference/kernels/fused_moe/v2/bench_decode.py", line 657, in <module>
    main()
  File "/home/ymu_google_com/tpu-inference/tpu_inference/kernels/fused_moe/v2/bench_decode.py", line 612, in main
    outs = {name: np.asarray(fn(), np.float32)
                             ^^^^
  File "/home/ymu_google_com/tpu-inference/tpu_inference/kernels/fused_moe/v2/bench_decode.py", line 429, in <lambda>
    return lambda: jitted(*operands)
                   ^^^^^^^^^^^^^^^^^
  File "/home/ymu_google_com/miniconda3/envs/vllm12/lib/python3.12/site-packages/jax/_src/pallas/pallas_call.py", line 980, in _pallas_call_lowering
    return mlir.lower_per_platform(
           ^^^^^^^^^^^^^^^^^^^^^^^^
  File "/home/ymu_google_com/miniconda3/envs/vllm12/lib/python3.12/site-packages/jax/_src/pallas/pallas_call.py", line 904, in tpu_lowering
    return mosaic_tpu_backend.pallas_call_tpu_lowering_rule(
           ^^^^^^^^^^^^^^^^^^^^^^^^^^^^^^^^^^^^^^^^^^^^^^^^^
  File "/home/ymu_google_com/miniconda3/envs/vllm12/lib/python3.12/site-packages/jax/_src/pallas/mosaic/pallas_call_registration.py", line 435, in pallas_call_tpu_lowering_rule
    mosaic_module = lowering.lower_jaxpr_to_pipelined_module(
                    ^^^^^^^^^^^^^^^^^^^^^^^^^^^^^^^^^^^^^^^^^
  File "/home/ymu_google_com/miniconda3/envs/vllm12/lib/python3.12/site-packages/jax/_src/pallas/mosaic/lowering.py", line 1020, in lower_jaxpr_to_pipelined_module
    lower_jaxpr_into_pipelined_module(
  File "/home/ymu_google_com/miniconda3/envs/vllm12/lib/python3.12/site-packages/jax/_src/pallas/mosaic/lowering.py", line 1052, in lower_jaxpr_into_pipelined_module
    raise RuntimeError(
RuntimeError: Pallas TPU requires a recent libtpu version (at least 0.0.44). Found version string:
PJRT C API
TFRT TPU7x
Built on Jun 17 2026 11:08:48 (1781719728) cl/933746096
--------------------
For simplicity, JAX has removed its internal frames from the traceback of the following exception. Set JAX_TRACEBACK_FILTERING=off to include these.
devices=8  T=512 (64/chip)  D=4096  E=512  I=1024  k=10  dtype=bfloat16
weights/device = 1536 MiB
v2 weights: e4m3 + per-channel scales -> 768 MiB/device (+ scales 8.5)
+ exit=1

+ python tmp/probe_combine_kfuse.py
probe_combine_kfuse: commit 923865581c, jax 0.11.1, device TPU7x; T=512 D=4096 K=512 (4x128) bcT=256 steps=128
        ascoded: failed (RuntimeError: Pallas TPU requires a recent libtpu version (at least 0.0.44). Found version string:)
    kfused_flat: failed (RuntimeError: Pallas TPU requires a recent libtpu version (at least 0.0.44). Found version string:)
  kfused_kernel: failed (RuntimeError: Pallas TPU requires a recent libtpu version (at least 0.0.44). Found version string:)
+ exit=0

+ python -m tpu_inference.kernels.fused_moe.v2.bench_decode --wdtype=fp8 --variants=v02 --iters=2 --warmup=1 --be=4 --bg=4 --capacity=32 --bd1c=256 --bd2c=128 --bcT=256
WARNING 08-30 21:12:22 [tpu_platform.py:447] Pin memory is not supported on TPU.
/home/ymu_google_com/miniconda3/envs/vllm12/lib/python3.12/site-packages/torch/cuda/__init__.py:1007: UserWarning: Can't initialize NVML
  raw_cnt = _raw_device_count_nvml()
/home/ymu_google_com/miniconda3/envs/vllm12/lib/python3.12/site-packages/torch/cuda/__init__.py:1007: UserWarning: Can't initialize NVML
  raw_cnt = _raw_device_count_nvml()
INFO 08-30 21:12:25 [importing.py:53] Triton is installed but 0 active driver(s) found (expected 1). Disabling Triton to prevent runtime errors.
INFO 08-30 21:12:25 [importing.py:88] Triton not installed or not compatible; certain GPU-related functions will not be available.
INFO 08-30 21:12:25 [__init__.py:76] TPU info: node_name=cuiq-infer-tpu7x-8-3 | tpu_type=tpu7x-8 | worker_id=0 | num_chips=8 | num_cores_per_chip=2
Traceback (most recent call last):
  File "/home/ymu_google_com/tpu-inference/tpu_inference/kernels/fused_moe/v2/decode_kernel.py", line 1425, in fused_moe_decode_tp_fused
    out = pl.pallas_call(
jax._src.source_info_util.JaxStackTraceBeforeTransformation: RuntimeError: Pallas TPU requires a recent libtpu version (at least 0.0.44). Found version string:
PJRT C API
TFRT TPU7x
Built on Jun 17 2026 11:08:48 (1781719728) cl/933746096

The preceding stack trace is the source of the JAX operation that, once transformed by JAX, triggered the following exception.

--------------------

The above exception was the direct cause of the following exception:

Traceback (most recent call last):
  File "<frozen runpy>", line 198, in _run_module_as_main
  File "<frozen runpy>", line 88, in _run_code
  File "/home/ymu_google_com/tpu-inference/tpu_inference/kernels/fused_moe/v2/bench_decode.py", line 657, in <module>
    main()
  File "/home/ymu_google_com/tpu-inference/tpu_inference/kernels/fused_moe/v2/bench_decode.py", line 612, in main
    outs = {name: np.asarray(fn(), np.float32)
                             ^^^^
  File "/home/ymu_google_com/tpu-inference/tpu_inference/kernels/fused_moe/v2/bench_decode.py", line 429, in <lambda>
    return lambda: jitted(*operands)
                   ^^^^^^^^^^^^^^^^^
  File "/home/ymu_google_com/miniconda3/envs/vllm12/lib/python3.12/site-packages/jax/_src/pallas/pallas_call.py", line 980, in _pallas_call_lowering
    return mlir.lower_per_platform(
           ^^^^^^^^^^^^^^^^^^^^^^^^
  File "/home/ymu_google_com/miniconda3/envs/vllm12/lib/python3.12/site-packages/jax/_src/pallas/pallas_call.py", line 904, in tpu_lowering
    return mosaic_tpu_backend.pallas_call_tpu_lowering_rule(
           ^^^^^^^^^^^^^^^^^^^^^^^^^^^^^^^^^^^^^^^^^^^^^^^^^
  File "/home/ymu_google_com/miniconda3/envs/vllm12/lib/python3.12/site-packages/jax/_src/pallas/mosaic/pallas_call_registration.py", line 435, in pallas_call_tpu_lowering_rule
    mosaic_module = lowering.lower_jaxpr_to_pipelined_module(
                    ^^^^^^^^^^^^^^^^^^^^^^^^^^^^^^^^^^^^^^^^^
  File "/home/ymu_google_com/miniconda3/envs/vllm12/lib/python3.12/site-packages/jax/_src/pallas/mosaic/lowering.py", line 1020, in lower_jaxpr_to_pipelined_module
    lower_jaxpr_into_pipelined_module(
  File "/home/ymu_google_com/miniconda3/envs/vllm12/lib/python3.12/site-packages/jax/_src/pallas/mosaic/lowering.py", line 1052, in lower_jaxpr_into_pipelined_module
    raise RuntimeError(
RuntimeError: Pallas TPU requires a recent libtpu version (at least 0.0.44). Found version string:
PJRT C API
TFRT TPU7x
Built on Jun 17 2026 11:08:48 (1781719728) cl/933746096
--------------------
For simplicity, JAX has removed its internal frames from the traceback of the following exception. Set JAX_TRACEBACK_FILTERING=off to include these.
devices=8  T=512 (64/chip)  D=4096  E=512  I=1024  k=10  dtype=bfloat16
weights/device = 1536 MiB
v2 weights: e4m3 + per-channel scales -> 768 MiB/device (+ scales 8.5)
+ exit=1

+ bash -c 
  LAST=$(ls tmp/mosaic_fp8k/*post-finalize-llo* 2>/dev/null | tail -1)
  python tmp/dump_histogram.py "$LAST" > tmp/fp8_kernel_histogram.txt
  grep -E "vcvt|vpack|vunpack|vmatmul|vlatchi|vector_load|vector_store" \
    tmp/fp8_kernel_histogram.txt | head -20
  tar -c tmp/mosaic_fp8k | xz -9 -T0 > tmp/mosaic_fp8k.tar.xz
  ls -lh tmp/mosaic_fp8k.tar.xz tmp/fp8_kernel_histogram.txt
  rm -rf tmp/mosaic_fp8k
Traceback (most recent call last):
  File "/home/ymu_google_com/tpu-inference/tmp/dump_histogram.py", line 59, in <module>
    summarize(p)
  File "/home/ymu_google_com/tpu-inference/tmp/dump_histogram.py", line 28, in summarize
    with open(path, errors="replace") as fh:
         ^^^^^^^^^^^^^^^^^^^^^^^^^^^^
FileNotFoundError: [Errno 2] No such file or directory: ''
-rw-rw-r-- 1 ymu_google_com ymu_google_com   0 Aug 30 21:13 tmp/fp8_kernel_histogram.txt
-rw-rw-r-- 1 ymu_google_com ymu_google_com 200 Aug 30 21:13 tmp/mosaic_fp8k.tar.xz
+ exit=0

+ python -m tpu_inference.kernels.fused_moe.v2.bench_decode --wdtype=fp8 --variants=v02 --iters=2 --warmup=1 --be=4 --bg=4 --capacity=32 --bd1c=256 --bd2c=128 --bcT=256
WARNING 08-30 21:13:59 [tpu_platform.py:447] Pin memory is not supported on TPU.
/home/ymu_google_com/miniconda3/envs/vllm12/lib/python3.12/site-packages/torch/cuda/__init__.py:1007: UserWarning: Can't initialize NVML
  raw_cnt = _raw_device_count_nvml()
/home/ymu_google_com/miniconda3/envs/vllm12/lib/python3.12/site-packages/torch/cuda/__init__.py:1007: UserWarning: Can't initialize NVML
  raw_cnt = _raw_device_count_nvml()
INFO 08-30 21:14:03 [importing.py:53] Triton is installed but 0 active driver(s) found (expected 1). Disabling Triton to prevent runtime errors.
INFO 08-30 21:14:03 [importing.py:88] Triton not installed or not compatible; certain GPU-related functions will not be available.
INFO 08-30 21:14:03 [__init__.py:76] TPU info: node_name=cuiq-infer-tpu7x-8-3 | tpu_type=tpu7x-8 | worker_id=0 | num_chips=8 | num_cores_per_chip=2
Traceback (most recent call last):
  File "/home/ymu_google_com/tpu-inference/tpu_inference/kernels/fused_moe/v2/decode_kernel.py", line 1425, in fused_moe_decode_tp_fused
    out = pl.pallas_call(
jax._src.source_info_util.JaxStackTraceBeforeTransformation: RuntimeError: Pallas TPU requires a recent libtpu version (at least 0.0.44). Found version string:
PJRT C API
TFRT TPU7x
Built on Jun 17 2026 11:08:48 (1781719728) cl/933746096

The preceding stack trace is the source of the JAX operation that, once transformed by JAX, triggered the following exception.

--------------------

The above exception was the direct cause of the following exception:

Traceback (most recent call last):
  File "<frozen runpy>", line 198, in _run_module_as_main
  File "<frozen runpy>", line 88, in _run_code
  File "/home/ymu_google_com/tpu-inference/tpu_inference/kernels/fused_moe/v2/bench_decode.py", line 657, in <module>
    main()
  File "/home/ymu_google_com/tpu-inference/tpu_inference/kernels/fused_moe/v2/bench_decode.py", line 612, in main
    outs = {name: np.asarray(fn(), np.float32)
                             ^^^^
  File "/home/ymu_google_com/tpu-inference/tpu_inference/kernels/fused_moe/v2/bench_decode.py", line 429, in <lambda>
    return lambda: jitted(*operands)
                   ^^^^^^^^^^^^^^^^^
  File "/home/ymu_google_com/miniconda3/envs/vllm12/lib/python3.12/site-packages/jax/_src/pallas/pallas_call.py", line 980, in _pallas_call_lowering
    return mlir.lower_per_platform(
           ^^^^^^^^^^^^^^^^^^^^^^^^
  File "/home/ymu_google_com/miniconda3/envs/vllm12/lib/python3.12/site-packages/jax/_src/pallas/pallas_call.py", line 904, in tpu_lowering
    return mosaic_tpu_backend.pallas_call_tpu_lowering_rule(
           ^^^^^^^^^^^^^^^^^^^^^^^^^^^^^^^^^^^^^^^^^^^^^^^^^
  File "/home/ymu_google_com/miniconda3/envs/vllm12/lib/python3.12/site-packages/jax/_src/pallas/mosaic/pallas_call_registration.py", line 435, in pallas_call_tpu_lowering_rule
    mosaic_module = lowering.lower_jaxpr_to_pipelined_module(
                    ^^^^^^^^^^^^^^^^^^^^^^^^^^^^^^^^^^^^^^^^^
  File "/home/ymu_google_com/miniconda3/envs/vllm12/lib/python3.12/site-packages/jax/_src/pallas/mosaic/lowering.py", line 1020, in lower_jaxpr_to_pipelined_module
    lower_jaxpr_into_pipelined_module(
  File "/home/ymu_google_com/miniconda3/envs/vllm12/lib/python3.12/site-packages/jax/_src/pallas/mosaic/lowering.py", line 1052, in lower_jaxpr_into_pipelined_module
    raise RuntimeError(
RuntimeError: Pallas TPU requires a recent libtpu version (at least 0.0.44). Found version string:
PJRT C API
TFRT TPU7x
Built on Jun 17 2026 11:08:48 (1781719728) cl/933746096
--------------------
For simplicity, JAX has removed its internal frames from the traceback of the following exception. Set JAX_TRACEBACK_FILTERING=off to include these.
devices=8  T=512 (64/chip)  D=4096  E=512  I=1024  k=10  dtype=bfloat16
weights/device = 1536 MiB
v2 weights: e4m3 + per-channel scales -> 768 MiB/device (+ scales 8.5)
+ exit=1

+ bash -c 
  for f in tmp/xla_dump_fp8k/*jit_fn*after_optimizations.txt \
           tmp/xla_dump_fp8k/*jit_wrapped*after_optimizations.txt; do
    grep -nE "%(copy|reshape|transpose)" "$f" 2>/dev/null | grep f8e4m3 | head -5
  done | head -20
  echo "(empty grep above = no per-call fp8 weight relayout: PASS)"
  tar -c tmp/xla_dump_fp8k | xz -9 -T0 > tmp/xla_dump_fp8k.tar.xz
  ls -lh tmp/xla_dump_fp8k.tar.xz
  rm -rf tmp/xla_dump_fp8k
(empty grep above = no per-call fp8 weight relayout: PASS)
-rw-rw-r-- 1 ymu_google_com ymu_google_com 52K Aug 30 21:15 tmp/xla_dump_fp8k.tar.xz
+ exit=0

log: tmp/fp8_kernel.log  histogram: tmp/fp8_kernel_histogram.txt
next: FLAGS="<tuner winner>" ./tmp/run_fp8_kernel.sh  (steps 3-6 re-run at the winner)
